OK	Picture	中文名	英文名	學名	環境	病徵
		乾腐病	Dry rot	Rhizoctonia solani Kuhn	罹病株在田間由下位葉開始向上顯現黃化和萎凋，地下部的根狀莖則從種薑的芽體開始發病，嚴重時整個根狀莖呈褐化乾腐。本病害主要發生於秋、冬天收穫的粉薑和種薑上，並不嚴重，無須防治。	罹病株在田間由下位葉開始向上顯現黃化和萎凋，地下部的根狀莖則從種薑的芽體開始發病，嚴重時整個根狀莖呈褐化乾腐。本病害主要發生於秋、冬天收穫的粉薑和種薑上，並不嚴重，無須防治。
		冠腐病	Crown rot	Fusarium moniliforme Sheldon	本病原菌為兼寄生性真菌，可於活寄主或死寄主組織上繁殖，也可棲息於非寄主組織，以厚膜孢子殘存於土壤中多年，遇寄主之根再行侵入。可經由水、土壤與種子傳播。	罹病株出現黃化、萎縮之病徵，但不易落葉，生育減退，在莖根交界的冠部，出現乾燥褐色的冠腐，維管束未發現有變色的現象，木髓變色腐爛，只剩表皮與維管束，表皮內長滿白色菌絲，根部完全崩潰，病原菌漸漸蔓延至根盤甚至整個根系，而使植株枯死。
		南美立枯病	citrus tristeza	Citrus tristeza virus (CTV)	本病主要靠嫁接與媒介昆蟲來傳播。初感染源引入後，上述六種蚜蟲均可傳播此病，至於傳播效率與田間發生可能因蚜蟲種類、蚜蟲密度、病毒不同系統、地區環境及柑橘品種不同而有差異。一般而言，大桔蚜傳病能力高與存在於果園之棲群密度較高有關，其次為棉蚜與捲葉蚜。在臺灣省，根據Tao與Tan報告，大桔蚜與小桔蚜為最主要柑橘蚜蟲，一年中以四月和十月為二個高峰期。此外，捲葉蚜在柑橘嫩芽期亦常發現。目前臺灣省所種植之柑橘幾乎普遍感染CTV，且大部份均無呈現顯著病徵。而果農自行自果園選穗嫁接繁殖之柑橘苗木，可能都帶有本病。	狹義的tristeza是指由酸橙為根砧，甜橙(sweet orange, Citrus sinensis (L.) Osbeck)為接穗所產生枯萎現象。廣義則指所有易感品種，經嫁接後產生急性或慢性枯萎現象。一般而言，被害樹首先根端崩潰，而後逐漸萎凋、葉片黃化或捲曲，如受病毒嚴重型系統(severe strain)所感染，感病品種可能在短期內驟然枯死。樹齡較大之柑橘樹，則葉片逐漸脫落，有時出現微量元素缺乏症，此種枯萎柑橘樹，時會略為恢復，而繼續生長一段時期，但已結果不良、葉片疏落。若詳細檢查感病品種砧木或枝條，有時可發現木質凹陷(stem pitting)病徵。此外，若接穗來源本身帶有此病，經嫁接後往往立即出現矮化現象，若由蚜蟲傳播而來，則植株於數年後方呈現萎凋現象。
		囊果病	Plum  pockets			花落後2～3週，幼果表面出現白色斑點，頗似泡狀小點，此泡狀點隨果實之發育亦迅速擴大，不久全果被害，果肉成海棉狀，種子退化、變黃，繼而萎縮，果實內部成為空洞，且作長形發展，較健果長5～6倍，甚至長10倍，整個果實成為囊狀病果初為紅色，後變為褐灰色，上有灰白色粉狀物，被害枝呈畸形、彎曲。葉上無明顯病徵。
		圓星病	Cordana leaf spot		病害全年均會發生。於夜間有露水時在葉下表面之病斑上產生大量分生孢子，濕度降低時孢子自動射出，由空氣流動而傳播。	危害葉片，被害葉片病斑大、橢圓形、淡褐色或黃色，周圍繞有鮮黃色暈圈，病斑有時在葉片邊緣銜接而使整個葉緣枯掉，壞疽葉緣與健康部位之間為黃色帶，顏色鮮明，本病通常只在老葉發生。
		地衣	Lichen		病害多發生於陰濕之環境，栽培密集，疏於管理之檬果較易罹病。病原菌為多犯性，可危害多種果樹。地衣之傳播體主要為藻類之細胞與真菌之菌絲塊的混合體(Soralia，or isidia)，藉風、雨、小昆蟲、或其他動物之攜帶，而傳播至其他健康之檬果樹上，再發芽生長。地衣本身並不侵入感染檬果組織，與檬果並無寄生關係，但會影響外觀與樹勢，亦會影響葉片行光合作用。	地衣主要生長於檬果樹幹之樹皮表面，但有時亦會生長在葉片上，形成各種顏色(以灰綠、灰白或藍綠色較普遍)與形狀之覆蓋薄殼斑，大小從數公分至十數公分不等。
		基腐病	base rot		本病大多發生在採下堆積過久的種苗，及長距離運輸的種苗，種植不久的種苗偶爾也會發生。種苗採下後，病菌由傷口侵入，尤其以基部帶有瘤目的種苗，因瘤目中含有豐富的醣類等碳水化合物，病原菌生長繁殖快速，較容易罹患本病。種苗枯死後，病原菌又落回土中。種植後，長出新根，生育旺盛，病菌就無法侵入危害。	種苗基部首先發生腐爛變黑，患部產生黑色黴狀物（菌絲及孢子），帶有酸香的酒精味，逐漸擴大到老葉基部，葉組織變黑，葉的先端乾枯，但不會蔓延內部葉片的白嫩部分，此點為本病與鳳梨心腐病的最大區別。罹病的種苗萎縮，呈黃紅色，無法發根，最後枯死。
		塊莖假莖軟腐病			多濕多雨情況下，從假莖葉鞘與葉柄傷口侵入感染，在排水不良蕉園，剛種植之蕉苗在未成活前，雨季期間部份蕉苗亦會因本病菌感染而無法成活。此病菌不易侵入塊莖以及新吸芽，通常傳播與發病緩慢，不致猖獗成災。	罹病蕉株葉片黃化，往往幼葉首先變黃，而底下老葉片仍呈綠色，切開假莖，其維管束組織呈水浸狀軟腐褐變，此病徵很類似黃葉病，但軟腐病組織有腐敗氣味之特徵，可與黃葉病區別。罹病蕉株假莖軟弱，在發病後期容易曲折倒伏，尤其抽穗後，病株不能載負果房重量而倒伏。
		夏南瓜黃化嵌紋病毒				幼株受病毒感染後，無法開花結果，成株受感染則造成葉片嚴重嵌紋、心部黃化、果實產生輪紋、畸形或底部呈心狀列開，甚而植株死亡，嚴重影響果實品質與產量。
		大理花	Dahlia , Bell-Tree Dahlia , Candelabra Dahlia	Alternaria alternata f.sp. cucurbitae	本病在16℃以下感染葫蘆科作物，尤其絲瓜和洋香瓜最為容易感病；供試氣溫在20℃以上則不會發病。中部地區春作嫁接苗的培育皆在春節之前開始準備，時值嚴冬，常有寒流過境，嫁接苗會罹患嚴重苗枯病。	初期在絲瓜根砧子葉之葉緣開始有水浸狀斑點，若經乾燥則轉變成灰褐色或黑褐色斑點；假使環境條件潮濕寒冷，則病斑迅速擴大，子葉枯萎，進而使絲瓜接穗亦告罹病。在絲瓜葉片上呈黑褐色斑點，斑點周圍有黃色暈環，終於使罹病株死亡。
		媒紋病	Sheath blight	Rhizoctonia solani Kuhn=Thanatephorus cucumeris (Frank) Donk	本病菌和水稻紋枯病是同一病源，可相互感染，因此與水稻輪作時，若水稻有紋枯病，則玉米也容易發生。春作末期及夏作高溫多雨之季節，發生較多，與生長期無關。環境適合時，病勢進展迅速，3～4天即可使全株枯乾，是夏季玉米的重要病害之一。目前的栽培品種均無抵抗性，病菌可藉由種子傳播。殘留在田間的菌核，為最主要感染源。	病斑可出現在植株地上部任何部位，包括葉片、葉鞘、莖、苞葉與穗部。病斑纇似水稻紋枯病，稻草色，上面有白色或粉紅色之菌絲，後其表面有黑褐色之菌核。高溫高濕易發生，得病後若環境適合，病勢進展迅速，3～4天便可使植株枯乾。侵入種子之菌絲與殘留在田間之菌核是重要感染源。
		媒黴病	Powdery mildew		本病主要發生於春秋冷涼季節，最適發病溫度為20～26℃。尤其白天乾熱夜晚冷涼的條件下，有助病菌產生大量分生孢子，於短時間內造成病害流行。	發生於葉片與枝條等部位，主要在葉表面產生白色粉狀物，類似麵粉而得名。發病初期呈點狀散佈於葉面，慢慢變成灰白色粉狀，爾後病斑逐漸擴大連結。發病後期黃化甚至脫落，加速植株衰老。
		嫁接苗枯病	Seedling blight		本病在16℃以下感染葫蘆科作物，尤其絲瓜和洋香瓜最為感病；供試氣溫在20℃以上則不會發病。中部地區春作嫁接苗的培育皆在春節之前開始準備，時值嚴冬，常有寒流過境，嫁接苗會罹患嚴重苗枯病。	初期在絲瓜根砧子葉之葉緣開始有水浸狀斑點，若經乾燥則轉變成灰褐色或黑褐色斑點；假使環境條件潮濕寒冷，則病斑迅速擴大，子葉枯萎，進而使苦瓜接穗亦告罹病。在苦瓜葉片上呈黑褐色斑點，斑點周圍有黃色暈環，終於使罹病株死亡。
		寄生性線蟲			根瘤線蟲在排水良好的砂質壤土、砂礫地及酸性土壤中繁殖旺盛。而腎形線蟲喜酸性土壤，本省鳳梨園大多連作，且大量施用硫酸銨，使土壤pH低，更有利於腎形線蟲繁殖。	根瘤線蟲危害鳳梨幼根的根尖，侵入後根尖末端形成腫瘤，根系縮短，根數減少，影響水分與養分的吸收，植株生育不良，且因根數減少與根系縮短，根系失去了支持固定的作用，植株容易倒伏。根腐線蟲寄生後，吸食根的皮層薄膜細胞，造成根腐，嚴重時破壞根系，影響植株生育。腎形線蟲雖不妨礙初生根的延長，但危害支根的皮層組織，對根系的損傷長久而慢性。
		小粒菌核病	Stem rot		筊白小粒菌核病發生普遍，全省各地所有栽培地區都可以採到病株，一般在秋冬之交，筊白生長末期出現病徵，大多數只限於為害葉鞘，指很少數莖部被病菌侵入為害，故很少如水稻小粒菌核病可以引起倒伏現象。本病在春夏季筊白生長盛期很少發生，故在經濟上似乎沒什麼重要性。	在生育期間由外部無法看出，在刈筍後病斑有時候發生於靠近水面的莖部上，嚴重時莖內變色變軟，並有許多黑色粒狀菌核，罹病株提早衰弱。由筊白之枯死組織內常可以看到許多細小黑色菌核，多半在葉鞘基部，葉鞘上半部常沒有菌核之形成，可能是由於基部近水面，濕度較高，菌核較易形成，或是由於病菌先由基部侵入，病還沒蔓延到葉鞘上方以前葉鞘已枯死。
		小黑點病		Alternaria alternata (Fs.) Keissler	在乾旱季節發生多，無論葉齡老幼接種後4天出現病斑，但年幼葉片的病斑數較多。	主要危害葉片與果實，在葉片、果實或果軸出現褐黑色或黑色直徑約1mm之細小斑點，與黑星病病斑相似，但本病病斑不突起。
	http://kmweb.coa.gov.tw/services/PublicImgResize.ashx?img=%2fpublic%2fdata%2f981215145771.jpg&width=295&height=auto	嵌紋病	banana mosaic	Cucumber Mosaic cucumovirus (CMV)	本病病原胡瓜嵌紋病毒寄主相當廣泛，多達800多種植物，藉由種苗及媒介昆蟲一棉蚜、黍蚜、桃蚜等傳播。旱季蚜蟲活動力強，蕉株感染嵌紋病的機會大，在多雨季節蚜蟲活動力受限制，本病傳播較慢。本省中南部蕉區傳統種植吸芽苗偶而在田間可見到少數嵌紋病株，發生極為輕微，但自七十一年推廣組織培養蕉苗後，本病發生逐年嚴重，成為香蕉主要病害。組織培養苗較吸芽苗幼嫩，對嵌紋病毒之抗性較低，右病在組織培養苗之潛伏期僅約一個星期，吸芽苗則長達兩個月之久。依蕉株病徵輕重，本病毒可分為強毒系統與弱毒系統。	罹病蕉株幼葉首先出現與葉脈平行之黃色條斑，由中助沿葉脈向葉緣擴散，黃綠相間形成嵌紋狀。新葉常變小、細長、畸形。嚴重時蕉株矮化、心腐、壞疽死亡。切開塊莖或假莖可見節維管束黃化之內部病徵。蕉株在幼期感染無法抽穗，後期感染者仍可結果，果房瘦小，果皮上亦可看到嵌紋病斑。
		幼苗猝倒病	Citrus Seedling Damping-Off		種子帶菌，苗床土壤或培養介質帶菌(連作)，且未經消毒，露天育苗未有防雨設施，苗床濕度過高與排水不良，均是猝倒病發生與病害猖獗之主要原因。病原菌平常存活於土壤中或土中之植物殘體上(一般 R. solani 以菌核，Pythium 以卵孢子，Fusarium 以厚膜孢子存活於土壤中)，等到環境適宜時，菌體發芽，成為初次感染源，侵入柑橘幼苗之莖基部或根部組織，誘發猝倒病。罹病植株上之菌體可成為二次與多次感染源 (R. solani 之菌絲可以直接在土壤表面與土壤中生長一段距離，而到達鄰近之植株，它亦可靠菌核來傳播。Pythium 則會在病組織上形成胞囊與游走子，靠水分攜帶傳播。Fusarium 則靠各種孢子為傳播器官。)，危害鄰近之發芽柑苗，引起柑苗大量死亡。病菌大都為多犯性，可危害多種植物或植物之幼苗。柑橘猝倒病只發生在幼苗期，等幼苗生長三個月以上，對猝倒病即有相當抵抗性，病原只能為害細根，不會造成植株死亡 (疫病除外)。柑橘各品種均易發病，但品種間略有差異。	發生於柑橘萌芽前，與萌芽後1-2個月以內。感染 Rhizoctonia solani 的幼苗，其地際部的主根或主莖褐化隘縮、表皮脫落，病斑長約1-2公分；罹病柑苗之地上部葉片下垂枯萎，但少有黃化現象；其根系有時仍完好未腐敗。柑橘種子在萌芽後出土前及出土後均易被 R. solani感染，嚴重時造成整個播種床的幼苗死亡，病害蔓延十分迅速。Pythium spp.及Phytophthora (請參閱疫病菌引起之柑橘根腐病)引起之猝倒病，根系稀疏，鬚根表皮脫落、腐敗死亡，地上部葉片枯萎黃化，生長停頓。感染Fusarium spp.的幼苗，根系腐敗，其組織上經常有紫褐色或紅褐色的病斑。
		幼苗疫病	Phytophthora blight of tomato		台灣由於高溫多濕，冬季又乏低溫來降低病原菌之密度，疫病之發生一般十分猖獗。番茄疫病於適溫高濕（20－25℃，相對濕度90％以上時）之環境適合發生，全年均可發病，但以降雨頻繁之夏秋時節發病較嚴重，可能於短期內造成植株大量死亡。潮濕的環境有助於疫病菌胞囊與游走子的形成與傳播。與其他土壤傳播性病害不同，疫病之病勢進展往往是爆發性的，只要有感病之寄主、適合之發病環境、與少量之初次感染源，病害即一發不可收拾。疫病之發生受環境因子中『水分』之影響最大，病害一旦發生，病菌在十數小時內就可產生大量胞囊，釋放幾游走子。病原菌如果因而侵入植株，誘發病害，只要兩三天就可出現病斑，再產生胞囊，循環不已。因此，疫病菌之病害史(disease cycle)需時極短，只需3-5天，病害傳播蔓延極為快速。本菌之寄主範圍包括辣椒、甜椒、番茄、茄子、瓜類、康乃馨、滿天星、大理花、荖花等。辣椒、甜椒疫病菌之初次感染源可能來自1.灌溉流水中之遊走子。2.幼苗帶菌。3.土壤及前期作植物之殘體中之病菌。疫病菌平常靠菌絲或厚膜胞子存活於土壤、或其他相鄰田園之寄主植物上，等降雨過久或灌溉過於頻繁時，導致土壤濕度飽和，誘發病菌產生胞囊及游走子。游走子可在水中游泳，或藉灌溉流水、或靠風雨吹送至遙遠之田園，侵入感染，誘發病害。番茄疫病與番茄晚疫病之發病時期略異，但偶而亦會重疊。疫病全年均可發生。由於晚疫病菌不耐高溫，喜濕冷氣候，平地晚疫病多發生於每年冬季12月至翌春4月，高山晚疫病多發生於夏季降雨較多時。	幼苗病徵：葉片、莖、莖基部或根部組織出現水浸狀，莖基部略微凹陷，病斑向上、下蔓延，罹病株葉片下垂，數日後，全株枯萎、倒伏。幼苗常呈整區發病情形，蔓延十分迅速。果實病徵：果實表皮，浮現褐色水浸狀塊斑，數日後，病斑迅速擴展成大型圓斑，可佈滿整個果實，果實表面略微凹凸不平，病斑上略微出現白色霉狀物，病菌並向果實內部蔓延，切開後可見果肉褐化，但腐敗組織仍保有相當彈性，並不被軟化水解。莖葉病徵：染病處初現水浸狀斑點，而後病斑迅速擴展且呈暗綠褐色，葉片腐敗，莖部染病部位以上組織枯萎、下垂。葉部病徵：被感染之葉片，在葉片背面初現綠褐色水浸狀圓形斑點，環境合適時，病斑迅速擴大，1-2天後直徑可達2-3公分，葉片最後枯死。番茄疫病與番茄晚疫病之病徵有時十分相似，尤其果實上之病徵不易區別，有時兩者亦會複合感染。但疫病病班上出現白粉之情形不若晚疫病普遍。
		幼苗立枯病	(Damping off of seedling			此病發生於幼苗期，種子感染後會造成不發芽，幼苗受感染後，罹病部位水浸狀、暗綠色、軟腐造成倒伏。幼苗受害未倒伏時，受害組織變褐色、乾縮、細窄、幼苗生育不良。
		心腐病	Phytophthora heart rot of pineapple	Phytophthora parasitica	新植苗發病較嚴重，病菌一般由鳳梨苗之切口處或心葉侵入，尤其苗木未經藥劑保護處理，且於雨季種植於排水不良地區時。堆積過久之鳳梨苗，因濕度過高，亦易被病菌感染而於種植田間後發病。降雨過多、致田間積水，或農民喜淹水灌溉時，亦易誘發病害。兩種疫病菌均為多犯性，寄主範圍廣泛。疫病菌平常靠菌絲或厚膜胞子存活於土壤、或其他寄主植物上，等降雨致土壤濕度飽和時，病菌產生胞囊及游走子。游走子可在水中游泳。胞囊與游走子可直接侵入鳳梨苗之傷口，或藉風雨吹送至鳳梨心葉，侵入感染，誘發病害。	危害新植苗，罹病鳳梨初現萎凋現象，葉變紅、下垂，甚而倒伏，葉片極易以手拔出。縱向切開病株，心葉基部組織褐化、腐爛，長有少許白色菌絲，並有特殊霉腥味。罹病部與健康部交界處有深褐色暈環。
		心葉黃化症			近年來在本省中、北部，台中大甲及東部花蓮吉安地區水芋栽培區普遍發生，此症狀初常被誤以為缺鋅症，其主要發生時期在2~4月間。目前造成心葉黃化的原因尚未明，但就其發生時間均有定期，初步判斷可能為某種昆蟲或線蟲危害所引起。南部高屏地區則未見發生。	在田間可發現有裂縫開口延伸至生長點，而生長點已褐化枯死，因此造成心葉黃化，故當發現心葉黃化時，母芋早已受害，而此時若田間有大量的軟腐病菌或疫病菌存在，則可侵入而導致植株腐爛。
		房枯病	Grape bunch rot	Botryosphaerie rikis Grossenbacher and Duggar		本病危害果粒及枝條。病徵出現在葡萄轉熟期，病勢進展緩慢，首先自果粒尻部發生淺褐色圓斑，隨後變成黑色，並在病斑處產生大量柄子殼。嚴重時自果粒，小果軸而主軸整個枯萎褐化，造成房枯病徵，偶亦可感染枝條造成枝枯。
		斑紋病毒病	Passion fruit mottle virus	Passion mottle virus (PaMV)	可由機械及蚜蟲傳播，並可與木質化病毒混合感染。	在百香果葉上形成斑紋，但極不明顯，透光觀察方可辨認，亦無果實硬化畸形現象，僅造成果皮上有濃淡不一的綠色斑紋。對植株生長影響不大。但低溫時百香果生長緩慢，斑紋病徵略嚴重。
		斑點病	Target leaf spot	Corynespora cassiicola	高溫多濕之環境較適合本病之發病與感染。它產生之分生孢子可藉風、氣流、雨水等幫助而傳播。相對濕度80％以上時較適合本病之發生，乾燥季節則抑制本病之發生。病斑上產生之分生 孢子經釋放傳播造成另一次的感染。	主要危害葉、葉柄、但莖、果實亦可被害。初期呈現細小之壞疽狀斑點，然後壞疽面積擴大而周圍有一圈黃暈。中間呈現明顯之同心輪紋。嚴重被害時，葉子枯死而掉落。果實被害產生褐色乳酪般的同心輪紋。一般其病斑大於早疫病之病斑。
		日燒病			台灣中南部鳳梨產地每年4～6月之間，乾燥少雨，日照又強，鳳梨果實直接暴露在陽光照射下，容易因受熱高溫產生灼傷，尤其以採收前二個月左右的果實，因果汁含量逐漸增加，受熱後溫度不易降低，容易發生日燒；4～6月期中午之氣溫高達35℃以上，果肉溫度更高達40℃以上，若此溫度連續維持三小時，就會產生日燒。	初期果頂或果肩受日光直接照射的部位，果皮呈灰白綠色，之後逐漸轉褐色，果目略微凹陷，果皮裂開壞疽，內部果肉失水乾枯褐化，若遇下雨，雜菌容易由裂口侵入，使果實腐爛。
		早疫病	Early blight	Alternaria solani  Soraeur	病菌一般存活於野生番茄、土壤或其他寄主上，初次感染源可能來自上述環境或受污染之種子。本病為空氣傳播病害，分生孢子可藉氣流與雨露傳播，發芽後可直接侵入寄主表皮組織，誘發病害。春、秋季時，潮溼與溫暖(25～30℃)的環境適合發病，多施肥時，病害較輕微。	本病又稱輪紋病，主要危害葉片、莖，果實亦可被害。葉片罹病時，初期葉片呈暗褐色至黑色水浸狀小斑點，後逐漸擴大成革質化輪紋狀斑點，周圍有黃色暈環，下部老葉被害若嚴重時，多數病斑癒合而導致葉片脫落。莖部被害則引起側枝掉落。果實被害則呈褐色凹陷輪紋狀病斑，可遍及全果實而致果實腐爛。幼苗被害極易死亡。
		晚疫病	Tomato late blight	Phytophthora infestans  de Bary	晚疫病為世界著名病害，曾於1845～1846年造成北歐地區經濟恐慌，近20年捲土重來，嚴重為害世界各地馬鈴薯與番茄。本菌之寄主範圍包括番茄、馬鈴薯、耳鉤草、龍葵。初次感染源在平地來自帶菌種薯，在高山地區則包括前一年棄置之罹病薯塊。當環境合適時，薯塊形成孢囊，侵染發芽或附近之健康馬鈴薯。本病為空氣傳播性病害，孢囊可經由空氣流動、風雨吹彈飛濺、或人畜攜帶，於短期內傳播至非常遙遠的地區，又，本病在種薯運輸途中或儲藏期間，均可由病薯傳至健康種薯。而低溫高濕（18～20℃，相對濕度90%以上時）之環境最適合發病，平地約為十二月至翌春四月（清明節前後），高地則在夏季降雨較多時。陰冷降雨時病勢進展極為迅速，發病最為嚴重，如果栽培為感病品種又無事先防範，全園植株在得病後兩週內即可能會全部焦枯死亡，而且會波及相鄰與附近薯田。	葉部病徵：被感染之葉片，在葉片背面初現綠褐色水浸狀圓形斑點，環境合適時，病斑迅速擴大，1～2天後直徑可達2～3公分，病斑上並佈滿白色粉狀物，為病原菌之孢囊梗與孢囊，病斑中心則褐化腐敗，嚴重時全株焦枯、死亡。如果氣溫上升濕度降低，不適病勢進展時，病斑擴展立即停止，粉狀物亦消失。莖部及葉柄病徵：出現褐色長形稍凹陷斑，被害部位以上之組織枯萎下垂。薯塊病徵：地上部染病時，病菌會掉落地面，侵入地下塊莖組織。得病薯塊，表面出現褐色斑，內部組織褐變，但不軟化。但罹病薯莖易被軟腐病細菌二次感染而迅速腐敗。
		晚腐病	Ripe rot	Glomerella cingulata (Ston.)Spauld. et Schrenk	夏果6月中旬至9月上旬，冬果11月上旬至12月下旬。本病之病原菌常可於無任何病徵之葉片上分離到，此等組織掉落後可能產生分生孢子，應為本病初次感染源，田間病果則是產生次生感染源除昆蟲外亦可藉雨水傳播，住往在轉熟期，成爆發性發生，僅約兩週便可危害果園50％以上，目前栽培品種均呈感病性，常造成嚴重危害。在高濕的環境下，病斑上產生許多黑色稍突之小點，由此溢出粉紅色黏狀物，為病原菌之分生孢子。遇雨水時分生孢子容易藉雨水的飛濺與氣流的帶動傳播。本病菌分生孢子藉雨水及風雨傳播，在降落果表後，一遇適當的溫度及濕度 (液態水)，孢子即發芽形成發芽管，侵入表皮。感染任何發育期的果實，若果實成熟或近成熟，則很快於果實上形成病斑。如果是仍未成熟的幼果，病斑不能形成，一直至果實成熟後，潛伏的病菌才生長造成病斑，此為潛伏感染。	主要危害果實。自葡萄轉熟期開始發生，初期出現黑色細點，隨後呈網紋狀圓斑，邊緣則有不整齊黑色疤痕，接著病斑中央轉黑色凹陷，逐漸產生大量粉紅色粘漿胞子堆，極易吸引昆蟲叮咬，進而感染健全果粒，除此亦可藉雨水傳播。近收穫或收穫時被害嚴重。病徵可自果粒大小如豆粒時出現，呈丹形赤褐色稍凹陷，後擴及果實全部組織。表面著生多數黑粒並分泌淡紅色粘汁，為本病病菌分生孢子，果肉軟腐，皮皺而落果，收穫後仍繼續發生。傳播速度快。
		木屑包雜菌		Trichoderma sp.	當木黴菌與與香菇菌絲接觸時，會產生拮抗線，而迫使香菇菌絲停止生長，且幾乎所有木黴菌均有此現象，其培養液也有相同作用。木黴菌屬於不完全菌，其有性世代為Hypocrea sp.，孢子堆為黃綠色到暗綠色，其可危害香菇菌絲及子實體，在低溫時發生較輕微。當香菇生長勢強時，本菌雖可附著，但不發芽，一旦香菇菌絲生長勢弱時，且遇高溫且氧氣不足甚至香菇菌絲死亡時，則本菌可擴大危害及產孢。木黴菌普遍存在於香菇栽培場舊段木、木屑包及死亡的菇體，而菌種也是其感染源之一。本菌平常以孢子傳播，但當基質水份含量高時，則可以發芽成菌絲以吸收養份再繁殖，當水份少時則又可形成孢子。當灑水時孢子即可藉水滴傳播，亦可藉風或人力傳播，其發芽率極高，是香菇栽培之最嚴重之初期病害。	
		木質病	Passion fruit woodiness	Potyvirus Ygroup	本病可經由蚜蟲(桃蚜、棉蚜等)傳播，亦可經機械及嫁接傳播，但不經種子傳播。寄主範圍有莧科、藜科、豆科、葫蘆科、茄科及西番蓮科。台灣田間普遍存在之毛西番蓮亦感染PWV，可能是本病毒的自然感染源。	罹病株葉片呈嵌紋型，葉片出現黃綠色混雜之斑塊，葉片變小略呈畸形或捲曲，果實呈凹凸畸形，變小，果皮變厚且木質化，果腔容量小，產量大減。有時發現枝條尖端稍枯。
		果實日燒症	Sun scald			番石榴果實泰國拔品系及其雜交後裔皆有二層套袋保護，即內層保麗龍與外層塑膠袋。果實日燒症偶而會發生。在果實表皮產生不規則褐色病斑，僅出現在向上及向陽部位，果實下方則無，果園中如果氮肥施用偏高可增強果實的增大作用，但果實表皮則易受日晒高溫產生日燒症，果實近成熟時，如果又進行修剪，則套袋果實直接曝晒在強光與高溫中更易受害。
		果實青、綠黴病	Blue & green mould of citrus			綠黴病菌為害各種柑橘類，尤以寬皮柑（如椪柑）被害較嚴重。果實在染病24-36小時後，表皮出現水浸狀斑點，並長出少許白色黴狀物，之後病斑急速擴大，中心轉為淡綠色（為病菌的分生孢子），周緣有白色菌絲組成的寬帶。後期整個果皮軟化並佈滿綠色孢子，在果實受震動或有風時，孢子容易脫落傳播。青黴病菌亦為害各種柑橘類，病徵與綠黴病略同，惟病斑為青色（藍綠色），周緣白色菌絲帶狹小，與健康部位的界線較明顯。
	https://upload.wikimedia.org/wikipedia/commons/thumb/9/9a/Root_rot_in_cicer_arietinum_%28hydro-grown%29.jpg/320px-Root_rot_in_cicer_arietinum_%28hydro-grown%29.jpg	果腐病	Litchi fruit rot	Botryodiplodia theobromae Pat.	荔枝果實腐敗之生態尚不完全明瞭。經濟栽培品種中，各品種均會發病。降雨與潮溼環境有利病原菌之傳播與侵染。病原菌為多犯性，感染源來自枯枝與樹皮上的柄孢子。病菌孢子主要感染成熟果實之受傷部位。病菌一般存活於枯枝落葉、及樹皮中，並在其內越冬，成為翌年之感染源。	受感染之荔枝果實在市場上或貯藏期發病，為荔枝採收後主要病害之一，導致果實不耐久藏。首先果皮出現暗色斑點，病斑迅速擴大，果實腐敗、脫落，並向鄰近果實快速蔓延。在潮溼環境下，罹病果皮上長出灰黑色黴狀物，易與露疫病引起者區別。罹病果梗會枯乾。
		果蒂腐病		Phomopsis mali Roberts non		本病害主要危害果實，使果實內部腐爛，為梨果採收後之病害。果實受害首由果柄凹陷處開始，於果柄基部上有淡褐色至深褐色病斑出現，逐漸擴大至果柄周圍組織，在果實表面上可見有水浸狀不規則圓形病斑，並逐漸擴大。後期病斑淡褐色至深褐色，罹病組織由果心四周組織向外擴大，呈半透明狀之輕淡褐色至深褐色。
		果頂腐敗病	Blossom-end rot		本病害是由缺鈣所引起之生理障礙，土壤水份不足，且氮素、鎂、磷酸等濃度高，而鈣的濃度低時，最容易發生。	果實長至指頭大時開始發生，首先於果實頂部生出暗綠色、水浸狀病斑，病斑漸凹陷轉變為黑褐色，果形變為扁平，易造成第二次感染。
		枝枯病	Streak blight	Phomopsis vitimegaspora Ko & Leu	本病全年均可發生。病原可直接侵害幼嫩組織，老熟組織則需傷口才能侵入，病原傳播主要藉老熟枝條上產生的分生胞子而感染。	危害部包括枝條、果實、葉。結果母枝或主幹染病時，視罹病程度而在不同生育期發生枝枯的現象，病原菌在病斑處產生許多胞子堆，而鄰近組織仍可生長，因而造成不規則腫瘤，而有腫瘤病之稱。罹病枝條所生葉片，往往產生類似嵌紋病徵，並且節間縮短，葉片較正常為小，亦為病特徵之一。當年枝條發病時多見於葉痕處，顏色變成暗褐色或黑色，並向枝條深處形成暗褐色或黑色壞疽，直達髓層，隨即枯死，全部過程約須４個月。
		根朽病			病菌可自根部侵入感染，導致根部腐朽，病菌逐漸往主幹蔓延；也可自地際部主幹侵入感染，而後往根、莖擴展。	主幹受感染後，木質部組織變成黑褐色，最後腐朽轉成近白色，罹病後期，植株的地際部會長出土黃或黃褐色子實體。這類病害也導致植株黃化、衰弱而枯死，地上部病徵類似褐根立枯病，但罹病根部或地際部的病徵與褐根立枯病不同，被害根通常不黏附土塊、石粒，有時可見其上附著菌絲，但為灰白色或土黃色。
	https://www.xuehua.us/wp-content/uploads/2018/03/673cfc35f74c4460a093ad436caa0560.jpg	根瘤病	Clubroot of cabbage	Plasmodiophora brassicae Woronin	病原菌可藉土壤、帶菌種子、農具、雨水或灌溉水等傳播，病原菌以休眠孢子殘存土壤中，並可以長期存活。遇適當環境(18～25℃)及酸性土壤，則有利根瘤病發生。休眠孢子遇溼則發芽產生游走子，侵入根毛及根部皮層，為害根系。	主要危害根系，根部被害後會形成腫瘤，在主根上多為球形或近球形腫瘤，支根受害呈棍棒狀，常連結成串。植株受害後全株生育變差，葉片光澤褪色，較健株小，結球不良，並會提早死亡。
		根瘤線蟲	Root-knot nematode disease	Meloidogyne spp.	根瘤線蟲通常以二齡幼蟲或卵存活於土壤中之病株殘體，並可藉灌溉水傳播，土溫25～30℃、地勢乾燥、土質疏鬆而含鹽低的土壤有利發病，連作田常導致病害嚴重發生。	植株根部產生肥腫畸型之瘤狀物，是本病之套爭。蔬菜生育期，根部組織受根瘤線蟲侵入，形成圓形至長梭形的小瘤，此瘤狀物為根瘤線蟲存留的處所，後來腫瘤相連成為不規則狀，受感染之植株輕症者地上部病徵不明顯，爾後地上部葉片之色澤變淡，植株矮化，後期根系易受其他微生物的侵入而導致腐爛，嚴重時植株死亡。
		根瘤線蟲病	Root-knot nematode disease	Meloidogyne incognita	根瘤線蟲常以二齡幼蟲或卵存活於土壤中之病株殘體，藉灌溉水傳播，土溫25～30℃，土壤含水量40%左右，地勢高燥，土質疏鬆，含鹽低的土壤或連作有利病害發生。	在根部引起肥腫畸形之瘤狀物，解剖顯微鏡下切開瘤狀物，可見乳白色雌蟲埋於其中。輕者地上部病徵不明顯，重者葉片黃化，植株矮化、烈日下萎凋。根瘤易受其他微生物侵入導致腐爛，植株死亡。
	https://upload.wikimedia.org/wikipedia/commons/thumb/9/9a/Root_rot_in_cicer_arietinum_%28hydro-grown%29.jpg/320px-Root_rot_in_cicer_arietinum_%28hydro-grown%29.jpg	根腐病	Root rots	Rhizoctonia solani Kuhn、Fusarium spp.	根腐病多發生於旱地連作田，為土壤傳播性病害。病原菌棲息於植株殘體或土壤中，當環境適合侵入感染植株。一般立枯絲核菌引起之根腐病在高溫的環境下較常發生，而鎌胞菌引起之根腐病則在秋末冬季時較常發生。	多發生於幼苗期，約有兩大類病原。一稱立枯絲核菌(Rhizoctonia solani)，造成罹病植株生育緩慢，較健株矮小，根系腐敗及根系減少等現象，嚴重時造成幼苗死亡。另一種病原為鎌胞菌(Fusarium solani)，造成罹病植株葉片黃化及植株矮化生育不良等現象，危害嚴重時會造成植株死亡。
		根腐線蟲	Citrus Root-lesion Nematode			本線蟲對各種作物為害所造成的病徵大同小異。地上部呈現微量元素缺乏症狀，植株矮化、葉片黃化變小且數量減少、梢枯、樹勢衰弱，嚴重者萎凋甚至死亡。地下部根系受害時，初期病徵為根系外表呈現紅棕色，隨著線蟲的移行而變色範圍逐漸擴大，到後期呈現棕褐色腐敗病徵，根系大量減少而樹勢衰弱。
		歪頭病		Pseudomonas sp.	本病害發病迅速，其速度可達一日一呎左右，發病處不再有健全菇出現。	初在菇床上可見小面積洋菇生長不正常，菌傘縮小傾斜，一般稱之為歪頭菇，菇傘下的菇幕有不均勻的裂縫，菌褶堅硬，發育不完。菇柄細長彎曲，剖開菇柄見其基部有一團暗色硬化組織，其餘部份呈砂粒狀。病菇菇柄基部膨大，常有粗大根狀菌絲束，周圍叢生絨毛狀白色菌絲。受害菇體不會腐敗，而是乾硬有如木乃伊般站立著。
		段木害菌		Stemonitis splendens	在香菇段木上發現的黏菌種類很多，但以美髮網菌(S.splendens)危害最大。本菌之孢囊孢子會隨風、水、昆蟲及人體或動物之傳播而附著在段木之上，而段木中之木液或藉灑水來提供孢子發芽之水份，發芽後產生游動細胞。二個游動細胞或結合成變形體，而段木上之細菌、酵母菌可作為黏變形體養份之來源。黏變形體形成白色變形體後可突破樹皮，接著變形體發育成變形膜，並沿著樹皮與樹幹木質部之接縫處伸長，若遇陽光則停止生長，當環境適合時，則突出較脆弱部分之樹皮而形成子實體，再產生子囊孢子，可重複感染段木，如此在段木上可完成其生活史，整個生活史可在120天完成。段木受其感染後，樹皮極易脫落而導致無法保水，造成香菇菌絲死亡，因此受害段木幾乎無收成。本菌多發生於高溫期，尤其在7月發生最多，此和氣象條件一致，即高溫多濕下發生最為嚴重。在香菇段木樹種方面，以硬質木材(如：校力)，比軟質木材(如：黃槿、火燒柯)，之受害情形較少。受害率隨著栽培時間而增加，且有累積受害結果。	
		水傷	Water congestion			由水份的聚集及高溫所引起的非傳播性病害。本病害在高溫、高濕的夏、秋兩季及高土壤含水量下發生，當清晨陽光曝曬，露水來不及蒸散，吸收高溫後累積在葉緣及葉尖，使葉片出現水浸狀斑點，組織隨之壞死、枯乾、扭曲變為稻草顏色。嚴重時75～80％的葉部面積都被摧毀，降低植株生機。
		污斑病	Leaf mold	Cladosporium colocasiae Sawada	本病害在芋株衰弱時較易發生，病原菌平常以菌絲或孢子的形態存活於植株殘體或野芋上，越冬後，成為翌年的初次感染源。	病害先發生於老熟葉片上，起初葉片表面出現許多淡褐色圓形斑點，病斑顏色逐漸加深，呈褐色銹斑，狀如污點，直徑5～20公厘不等；罹病葉片背面出現灰色或淡褐色斑點；嚴重時病斑中心壞疽破裂，葉片提早枯萎。
		油斑病	Citrus Greasy Spot			為害葉片及果實。本病為潛伏感染，葉片老熟後才易出現明顯的病徵，染病葉片背面最初出現針頭大黑褐色斑點，病斑逐漸擴大並轉 為深黃褐色半透明不規則形油浸狀斑點。黃斑中心部逐漸產生紫褐色小粒，略隆起。後期，多數小病斑匯合成大病斑，呈圓形、多角形或不規則形，外表不整齊的油脂，黃褐色、紫黑色或黑色，其大者可達10 mm左右。病斑之大小及顏色，因品種不同而略異。發病後期，葉兩面均出現明顯病斑，背面病斑數較正面者多且大，但葉表正面的病斑有明顯的黃暈。罹病葉片衰老後，油斑附近產生許多小黑點（孢子腔）。發病嚴重時，會引起落葉，導致樹勢衰弱。果實上的病徵為密佈的小黑點，但不擴大。
	https://08.imgmini.eastday.com/mobile/20180517/20180517165651_e425105109df19f38799106b3a54281e_1.jpeg	流膠病	Peach gummosis	Botryosphaeria dothidea (Moug. ex Fr.) Ces. et de Not	病原菌以菌絲體、柄子殼或子囊殼等在罹病組織或枯死枝幹上存活、越冬，若果園附近栽植有梨、梅、李、葡萄等寄主植物也可能供為病原菌存或及越冬的場所。柄孢子主要依賴露水或雨水傳播，而子囊孢子則依賴風傳播為多。在下雨期間孢子釋放之數量與雨量多寡及下雨期間的長短有關。溫暖多雨天氣有利發病，但高溫時病害發展會抑制。病原菌可經由皮目而侵入感染健康枝條，而傷口則有助於病原之快速侵入感染及纏據組織。本菌之寄主尚包括梨、梅、李、葡萄等，但流膠情形不若桃樹嚴重。	本病大多發生於桃樹主幹、主枝及側枝上，其最初病徵是在枝幹上出現疣狀突起，每一小疣狀下之皮層組織呈褐色壞疽。中後期病部呈暗褐色表面濕潤，病部皮層下有黃褐色稠黏之膠液，嚴重罹病枝條佈滿流膠，雨天尤甚。主幹及主枝上之疣繼續擴大並裂開，雨天續有膠質泌出，樹皮粗燥故曰流膠病。病害之後期，在樹皮上之皮目內形成黑色炭質子座，其內有柄子殼及子囊殼，受害多年之桃樹會造成樹勢衰落，嚴重時會引起側枝或整枝枯死。
		潰瘍病	Citrus canker	Xanthomonas axonopodis pv. Citri（Hasse）Dowson (Xanthomonas campestris pv. citri )		柑橘的葉片、果實及枝條上皆有潰瘍病的發生。在葉片上，首先出現水浸狀、暗綠色小點、略隆起，病斑逐漸擴大，中央部呈灰白色凹陷，周圍呈現褐色木栓化之結構，表皮破裂而粗糙堅硬；病斑形狀初期雖為圓形，但老舊病斑則頗不規則，常有多數病斑癒合成的不規則大疤，同一病斑於葉片上下表面均可見到，在病斑邊緣常有黃色暈環，罹病葉片漸黃化後落葉。枝條上的病斑和葉片上者甚相似，唯其邊緣缺乏黃暈，呈暗綠色油脂狀。果實上的病斑初期為紅褐色小點，略隆起，隨著病勢進展，病斑逐漸擴大與葉片上病斑相似，唯病斑表面木栓化更甚，外觀也更粗糙，常缺乏鮮明的黃暈。
	data:image/jpeg;base64,/9j/4AAQSkZJRgABAQAAAQABAAD/2wCEAAkGBxISEhUTEhMWFhUXFxYVFxgVFhcXFRcWFRUYGBYYFRUYHSggGBolHRcXITEhJSorLi4uFx8zODMtNygtLisBCgoKDg0OGxAQGy0lICUtLS0tNS0tLS01MCstLS0tLS0tLy0tLS0tLS0tLS0tLS0tLS0tLy0tLS0tLS0tLS0tLf/AABEIALgBEgMBIgACEQEDEQH/xAAcAAABBQEBAQAAAAAAAAAAAAAAAQQFBgcDAgj/xABBEAABAgQDBQUGBAQFBAMAAAABAAIDBBEhBRIxBkFRYXETIoGRoQcyQrHB0RRSYvAjM3LhQ1OCkrIkc6LiFRZj/8QAGgEAAgMBAQAAAAAAAAAAAAAAAAMBAgQFBv/EAC4RAAICAQQABAMJAQEAAAAAAAABAgMRBBIhMRMiQVEycZEFFEJSYaGx0fAzI//aAAwDAQACEQMRAD8Aw5CsOHbKxXguidwVytGpLvsFKxtjIMJmePHLQNdB5cVR2x9yjsivUpKF1mgzMezzZd2alT5LkmFwQhCkAWo7FYf/ANGD+arvNZctw2LhD8HD/oHySbejNquYpGO442keIP1FMVL7WQ8s3F5mo8gohMh0h1fwL5IEIQrlwQhCCAQhCABCEKQBCEIAEIQoAEIQjBILUfY9tOWvdLRYhNRWFneSKjVgB0te3NZcukCMWODm2LSCOo5pVkN0cEp4eT6nwsxO2c55oxwytbuIpcmhprvpXXio6PLBriBxWY4XtPNPaxzZh9qEB1HCo1BqK+qvuB7QsnqsNGTDRdte64D4mcR6j1XMtg1HAm2aueEsNDuM+gWd+0HA3TDREh3eytt5aaGg6G46lX2Za4HK4XXn8HmCTVY4SyZ4ycWfOrhSxsUi2jE9hIEWLnyd81O+ht8Ta31Vex/2eNa4CE4sc5tQCCWkj3hyv8wujHV1vs2/h3GcIT7FMJjS7ssVhG4HVp6FMVqTTWUQnnoEIQgk0TbDHPwzmQodC5ra9Cd556qjYhiMWOc0R5dw4DoF32imzFmYr+LiB0Fgo1LrrUUvcTVWks+oIQhOHAhCEAC2jY6L/wBFDB/KKU6b1i61zYaZzSrANwofCyy6uW2GTLqukUvb6WpHD/zCniD/AHVXWje0CRzQi4asObw0KzlTpLN9aLaaWa8ewIQhah4IQhAAhCVSAiVIlQAJEqRAAhCEACEIQAIQhQSSODYj2L71LDqBu5jmrjNGhZGhOoQGuY5tjyIIWeqxbN4w1o7CMaMJ7j/8snc79J9EiyvPKKWJuLSNb2Z21hRgIc3lDtBEpRp/q/IfTportDw5mXO11W61sRTqFh0DCHCKAT3feq0ggjdQ81qGz8q2UYCWgB3eN616rnW7YMRG30mskpPzMGGWOb3zwBrWtiOAH2UVi8fOQSAKVoAa663XTE5xpdVrbngFGRHE1qFmUt7It1DfC6IHaDDBGhuablwoOR3EeKxui3iLAdS45Ac1hUdjmuc1wo4Ehw4EGhHmujo8pNE6bPOTwhCFuNQrnVNUiUhIgAQhCkAQhe4TMxpvKAPCv3s4mu49nA/MKhEUU3sjiHZRgD7r7eO5Z9TDfW0hN8d0Hg0rFYAewg3qCCshn5UwojmHcfMbitlhODgqXtpgZP8AEaLj1C5ugvUJODMennslz0yjIQhds6IIQhACoQhSAIQhSAIQhAAhCEACEIUACRKhACIQpfCZRrSHxBXeG/V32VJPCKzmoLLJ/YqVmXULnEQdGh2pr+Wtw3etblqZQCa23n90VMwKOX942poFZGONBzXC1U3KfJzvF3tyH8GECatpwopOJKNIAuHW38Sa+gTLCpMkV9SpMOAiMBNy13oR/dY02hsFwLMyrAW90Ut5g29VgvtSwfsJ1z2juRqvHJ/xjz73+pfQU6Kttuusg9p8QRYcTjDexw8e6f8AkF0NJa1NfQdv2yS9zK0IQuyaSyYnglHOaRlc1xaeFQaFMP8A6/HIqxoeP0nTqCtJ9psgYMw+I0UztDraEgZT6AHxVV2cnhQhxuDqNQDx4hc+q+cq90eTHvnBteiIDEcCjwWZ3N7lt4NCeIUUtSnsPEdhbmqDwNFTp7ZOKyuUh3I2P2TqdXGXEuGNhcn2V5emOoQRuXaZkokP32Ob1FvPRN1qTT6HcMt0rhsCbYHVyv3kceYTOZ2RmGGrKPG6hofVReE4m+Xfmbcb2nQj6FaBheLS8wKw4hhxALsJp5cUizfHmJnlvh10ONl47ywNjNLXixrvpvHFWN8sHihCq8SfeLE1oeAqp7BcUD7GzuC4erqknviZIuLeCtY/sEHVfB7p1I3HwVExPCIsA/xG24jT+y+h5eGHBNMX2dhxmGrQai4IsjT/AGpZB4nyjbDcuj50QrNtXsnElXZmAuhk9S3keXNVlehqujZFSi+BwqEITgBCEIAEJUIAEIQpARCVIoAEIQoA7QaNub8B91ZNlZDtnGJE/ltvfQkceQXDZvZKLMkE9yHqSdSOXDqrS2TbGHZQDSVh2c4f4pbq1p/JXU71jvtWMIyXzTWETeCsGWvE1FOZVlkZIxHaWUVs7J5yBuFKq5ydA7I3d7x+gXKmlnLMtMMrkdNhBraDQJhGgZqP3tcHeGh9CU5nHEWXuVZ3TXgfks0k2zW+eBZiw9FkPtBhUMxwdCa/xaQD/wAVsUSmhWS+0ZwAd/2oo9W09St9UNtiF2dr5oyJCELsm8+o9rpFsRjXUrQkUI0rqFTIWx0u/vhmV17tt50sVa4kN7gWl7qG9K1+a9yOFPvleQACdARYb15GqyTliDaM84qTyioN2XfDfmhvt+VwqE5iybj70PyuFNHFBUgihFQQRvGoXaVmWvNB8/orStszy8lFUl0Uybwtp+EjwsoWPszAeTVjere6VrRgD8vmFyjSLDq0eLVaOrnAnw2ujGJjYdh/lxcvJ4t5/wB1HxdhpoXYWu5g/aq3BuEQfyDyXtuEwv8ALHkKrRH7Vmi8d/uYWMGxGF8JPiD81LYYZ2orKRSeLafUrZWYXwh/RN52JFhaQfEmo9ArrXzs7iv3Lqne+cEVgEzFLQI0N0N2neGqm2TQByusDodxUU/GnOBa6HpewNuYqFx/H5m0fQU0rrWtLWuudZS1Lcl2aPu7h8hcUk2kkC4O5UDaPZZgBflzM/M2z29fzDqtMlsOiPAczKQf1tJ8RWo03phicNkNhLnht6UNwfpRaKXbU9y4yWlWmuOzE53Z97RmhHtG6298dW/ZQ5Cv+LShgRSWHumjhTcDeg5LmyDLzXdjNo/QPbQO89D4ruV6ppZksoQu8FESq2YlsJGYM0JzYjdb913juVYmpZ8JxZEaWuG4/u4Wqu2E/hZOGckIQmkAhe4UJzjRoJPIVT+FgUy64gu8aD5qHOK7ZVtLsjUiljs3Nf5R8x91wiYLMN1hP8q/JV8SL9QU4+4wVr2R2eESseMQ2EzvVdYUG88lH7O4G6PFo8FrG3cSCLcFZ5+TiTJEP+VKs0b8cUjeW7hwH7CbrEuMirprrOF/ujxHxd88/wDCyoMOWFojwKOiCunIHc3z4K9yOEFjWQ2NsABQaAJrs3g7YQGVtBuH1PEq8YfLHd4rk22+I9sekZvj4SwhtszhboIOelA4mvEVseVl2kZtpc5wHvOcR0rb0TjFmktDAaN3/q/soaG7UDjbwSZ2eZL2GT8uEifLmuPIXK9Tzw2Gcu+3nb6qNkiap/GFYJcfifDYPB4r++SvncslovJwnrMqNyxT2i4hWJEbXRkNni52c+lFtuJU7J3IVXzPtNPdrMRjxiu8m91voFvorzZkFDdL5EShCF0DWfSrJ1vFWLBY4cCORURtNs3ChNzwnkd4BzSQaA6HSvDUqFwvEezflLr/AL0XkIwentwxG2UeSfxCF2ZEVrA4Gz2kWJHyO+q5wJuUi+9CLXDcGk+Rb/ZSEZwdDdS4pm8Rrv5qukUdmbuUzm4S/Rk73EskKNL0tmtypTzuliOa7Rzh0Lj9E1kWFxJCevglvvRA3q7KrNzl11+iGKTZzbBpoYh8fpVdmkDUOP8AVEp9UsvLw3kDtmOJ0AcCTThe6eMkobdT8kKqztL6sshu2LX3Wt8au9TZRuPYj2LavzOqaBrRQHyUnM4hCh1tpvOir+LYsyKCLFvgG9alXjj8Uh0MJ8lbbiEKp7UiGSbg1FBrSq4zuKyzmFjAXG9C0WB3GpXSchMdYOAOgI08a6jwUZ+L7EmrIbqb2n6Faq1VPoi+y1/81we5CdmGg5CW1FKitaHovUTDYsenauc6m46eSJbHnn3IA6l32BXKPtVMtNpdvKr9ehAp9U9VvpGR1ah/EyShbPw97anmncPAIJt2Y8lTZn2gzjQT+GYKa1LjTwpdNoXtRmx/gQ/AuU/c7Zc5K+A12aIzZ6GNGEdKj5JhjGwcKYaM4Nq5TW4qOOvgq/h/tbFaRoDm82EO9DQq97O7WS01/LiAneDZw8DdLlp7a/NyNUWjMJ72UxWmsOICODhQ/wC4VHolkdgWwz/FaXdSKei3AwwRUUKr+LxQHd6jRXfYVra/VRLV3JYbLqvdwytyOBQmjKxrWn+knz0UfjUjNQrtzvb/APjBYSOoJr5K7SsCprvonJvT9lLjfJeZ8jPu9foYhO4lFFaumW/1Q3NUYNo4gN3k9cw+q+hA0b2gjmKpvNQZel4LK8cg+ybHXw/FApLSGFy2MxIlocJ7z+nOR4q77L4a51HPF9bceu9TeNRRQQoYAL9abm/3+6n9ncMytFuimV3ix8qwc+2tb9i9B5h2GAfv90VglZSm63zXWTlgBfVOXmgVMJI1wrUUVnH4lHUG4KLkZWtz4p1ibi5zj+9U6kmUok0R3ycmImsyPESFlbbU2HU6Lpi0cMECCPzV/wBjSa+JTimaIP097x+H7+CpsxjDYk/FbmtBh5fFx/8AVy0KHOED8qHG2+NCXlYjqiuUkdfhHiSF84k1V89p20fbPEBh7rTmd1+Fv18lQl1NPDCy/UbSuM+4IQhPHH0lGxN8Vrt4IcTVouNSbkKszctnPaBxBGo3im8jXxVqjwgGZBRoympBFTQbvFVlmGty1iUrmu860B+ELzz0sY8oU7/zE27F2SsuYsRsUtDbigOatrVItfXSyr0HaIu92E++lS3f4qyuxuTc0Q3io901vXruVQiyJgRCYJzQtQN7RXQcRy5FNekqcUnyZLr+PKWDCsfiNbdsQH9IBNOtU6fiGdv8p5NSSXltTwuTVRcjPB1q/vopaBFCjwklhFFdJoR74r2ZDDbQGoq648giFBmR/inxv6lPWTAovcOYCy2xiuxsZv3GP/x8U+++vWp+q7Q8N4nyA+ykIcRq7MjNWWWPQfF+5BYlhTcth4lQE1hopaunHTotAdEYdyaRZOG74R++ivXZsZojIomH4ZlAFTQWNd9NLrpOv7M94ZmcMuZtdxO/xrbgVe5XD4TaktCp20syyGXNrYaEG9Ny6NdueXyaIMp+OzMBsPM1mUurQhzy3Na+qrH424pfW51p0HiU4xaI3MezqK8CRW9b3TKRg95pOlb+R812KYeUXZPk6GSzARNNTf0sukth7y0OYDX4S00I8dVKTEmXMq3drSoBFdem7wT+RAhtALQ5xs0A8OQ0CmctqIUcvJK4BjeKS1MzhEhilonePg7XzqrTH2qEeE+HFg5XOa5oIuLgiorTqoWNmfDDKiljTTXTW6aw2PYMgNG3ocuuY7iHChXPnFS5HKCJzBMYmGgCI5n5Wu3m3kTZWaWiuNKkeCost2jozCWtytNKE3NNHCnXRW6DMAOFq14HSxuQs10MDEkTTX9B++KiMTfqdwqfuVxn8RvQVCj4sYxiIQrQmrjyG7xPyWeMFJ4K2y8ODkecFknRYhinedOA3K+yDQ2gG5RmDSNBQWbx404Kegy+VaJZxiJyqoNPdLtj6lDyK5z8QNhuJ4Ll+IyjvFVPaPFXxj2TLNHvf3VJzUV8x7lwN3ToiPyt0FyVMMi5W18OdeSrmHwC06Gh0tcnpvOimJlohQzFjENpUhvAUuXHj8lelOMMeply28kTtNtF+Dgvik31A4u0AHos6eXSslFmYh/jx7muoL/daByBv4pY087E5vNpLwTmofiNbV+fQc1X9vsa7aKITD3IVa8C/f5aea201vKj9f6CKcpY/wBgq0R5cSSak3JOpJ1JXlCF0TWKhCFIH0tPbJwnXZVh/SSB4iqiYmCthfzGk3sXFzm62ButZiS7N7R5BQuPT0FjCx1KHdT5BeZlXPTrzyyMlCFi5Rn0zg8CI4scwMHZ6sFKEnum2lFHTeExQCIZbTiT8h9KqXiOc55INibWFSNwI0Unh8tnPeF7XKXC2TeEzDKqOcFMg7LTryHZ2NHEgl3+0fdSMTDZqF7pz9BQ+V1fmSGUDNoOK8vjNGg89/gE2y7CxgYqIeqKGyYmv8oH/VenklbikYOymA7SpOZuUDib1p4KcxuZtSzTyF78UwgyLnAClBUE2168t9El2RxyXjRB+h6ZMRqE5BQU+Kta+Cj4mPxGvyljR1iU9ACn0/LRSzKHEDWw376cDZVOblYcFwNy4uGYvcQQLjf13Jumqqm+f5HeDFE1H2qeyxayvDOST6WTd239LOgPpxYWn50UG9rBVzqEgHjXSlBa50UZM4hDaw0aKNFydXHcBzuugtFR+UtGuJZZz2gwnjK3OHDcWkV6kKp45j3a6VJcandQaBt99vVRrIdKlx7x7zupFQ0eCJdrc3feG6dddy0Q0tdaJjn0OEabrUZKA3KdSr4YFToNK1rzoKqTwXZONNRgGD+HYve4WBroB8RpRXTGdiJeGwNDQSL63IAvfcVeepri9pHTKZKzAfDrDDqaNzGneJ3ePBS+zzYfaRATmy91ua+/vGu6v1XNmDtg5nMa4UBpmOalBagpSqY4FBcHkgjnVZrLYyTcWMTb7LLNwGxC1hLnd6ptWgGgIoAOINSVLQMOLnGjSG0oDmrTx39Uwk55tbNvvP71Vik8YYbHu8NwWKV8uEOSeDrIYG1pzHXinUz2bRSnSidQmh9w8UXmLJM/U4620SpSlIjel2VuLBa99aOqbAVt4qewnBWg1cSagVG63H7JIDQ92YaDTnxKmJcUurxi0sswXX75YXRKy8MNHTRLGjUTKJNhorWw9FzhzTWjtIpAAuAfmfsnbuCqY6mGUaXv8G8OvNV2XghxJpaqjp3aj8ZGMGAatb77ho0czxO4J+YwaMo3KjXO5oXZYukSLI7W+Gh4LLPaNj8SbjCSgG1jFI0A1ynwufDipXa7aF0NvZQbxX2b+kfmd09Ss9mMRZJtLWHPHdUucb0JuS48VqojJ+b6f2KUm+ESGM4kyRgCXgn+IRc7xXVx58FQCV6jRXPcXOJJJqSdSV4XRqr2L9fU01w2r9RUIQnYLghCFAH1Zju17bsgHMdC74R0/MfRVMxXvdV5JJ3lVyBibGmhcCeANT5BTECdzAZWvPSG8/ReU1Pi2yy0I8SUuiXgRA3cpvCotCLgaU0UHKy0wBm/DvI/UWj0rVScGRjuGjYY/wBzvoKq1VLhy0WjCTJuZn2NaS99hxNvNQXaxI5/hDJD0MRw1/prcp9CwRooYhzH9YPoicLWCxIA3VsFplPf8Sx/I/wj1DZAhgsDQTvcbknjUpvHnJaFd7gB4/IKoYtMxHVLHkNrStaaqEiYcHmsaYNOGa3jWt+ixyoTluk8L2xks3sL6dtJLNlqK8hRcp/EZGI0ghhNOPzCpkXA5WIzIHvPAtzuArxI1TiFsnDhsAl+2L7d59Gt8Q41HknqpPmMmvmkWjavUhMRkjU0iFrHV0AdbjU6deap8y6sct1axxdrqbAet1sEPZyM9lIhZ1G7yoD5LxhXszlGEvfme4mpzG3HQWW+rVxhHzdlZ2J9GVzGHzEaMGQYZeXUfVvu97idBpRX7ZT2WGoizjsxscg90dT8S0eRkYEBtIbGt6ABOIk2BetFmv8AtGTWI8FDrJyUOEA1rQAOCqu1M+0PyNPMrztDtjCgNJc8D5noN5WSY5tw+I53YNy1N3uu49BoErT1WW9Lj3LqSRdZgOfXKBTeTYLjKTElBdWZmYTaXysBe7yCyyaxWPFs+I9w4Vt5DVWDZvYKZmSHPHZQ+Lh3iP0t+66ENGoLM5EeK0XyFtPh8Z4gysKNGefyw8o6mpFB1VrlMGY0B0SvHKDYdTvTfA8KlpCFlhNA/M4+848Sd6p+2vtDa2sKXOZ+hPwjx3lZZRVk9tSFu6T6LvNbQQ4VWtyhJCxYxhkbv94jhwHVYVh5mZ6MGZ3XNXEWDRvW14HItgw2w26ABNem8Pt8meyco8Nk/LMACSanA0aphN4iGA3oBqTpZZJtvtwY1YMu7uaOeNXcm8uarGuVssRKwTfCJzaj2klsUslwH5dXE93NyprRV2BiOIYrEyGKQwe8W2Y0eGp5Kq4VIvjxGw26nU8ANStZwzsZOEGMpUC99+8k8VtdcKVwuS1s41onMGk4UlBEOGKUuTvc46kneVDbTbUsl261ebNbvJ58BzVbx3bNrathnO//AMR1O/oqHOTL4jy+ISXHefkOAS4aaVj3T6F11yse6XRN4ntA6pymsR3vxPo3kFXia3OqRIt8YKPRrjBR6FQgJUxIsCQpUikAQhCgCyYBtfGl4kMmhht7pblaKji4ihcfFXqH7ZWtcWmXLmCwcHAONN9CNFkCEh1xfoSbFMe2huUiHCfyzZafNeZL2uhrHOLau1yOrQ9De6x9Cq6YslM3KT9q8KM2pl4jTvyPa75qOxvaeJMtcIDXMqPeeQ5wHIUoDzNVkUGM5hzNJB4hWjB9sezFIkIH9TTQ+IKz26fHmgircvcm5eXhOgwoUWbNi6K8B9HOiPoAHEmtGtAHUuU/hkWSZ7tK8Scx8yqnNbYOiWhtAB3mhI8F4hzEHL3nNJ/7f0VNs2uVgx25b7/Y0mBi0EUpTzCfw8Yh8lkgjwj/AC+0LvBjB4Ly2JMVp2prwBBp1KTPTt/iFZlF8s2IY0wbx5rlF2hhjVwWYwZSIadpHd0aaDzXSfwuBlq+IRzLz9Ssb06bw5fRDoTbLnPbbQW2acx4C6quMbTTkx3YLQ2u8nTwCo03NNhuIgvLuosvUvtHHZoQeoW+r7PhHzJZ+Zdq30wTcPY2YjnNFjCp3mrj9FKSXs8gi8WMTybQfdVk7XTH6fJcIm080fjp0C1bbulhB/7P2NRwzBpGVo5jG5h8Ru7zOi84ptvAgCgdU8G3KyOYxSO+zojiOFaD0TNU+6Sl8ciVVJ8yZZ9odtI8zVrSYbDuB7xHMqtQ2FxAAqSaAdV5UhhM0yCe0IzOFmt4H8xK1QqjWsRQ7G1cGk7KYcyVhjQvN3Hn9lJ4ltAyC3NEeANw3nkBvWZxdq4592g56lQ0zMviHM9xceJPy4LPLTSm/M8IxxonKWZk5tLtXFmu62rIX5d7v6j9FXUIWqEIwWIo2RiorCJXCMWEuxxY2sRxpU6NaNKcya+QTadxSLF99xodwsEzQp2LOSNkc7scnuC6hBXpy5r3nTESzmvcKE57g1oqToF5K9QYpa4OaaEaKMEiOaQaGxFj1SIc6pJOpukUoBUiEIAEIohQAiEIVCQQhCABCEIAAu0KZe3QlcUIwQ0n2SMLGIg/KeoXV2OxKUDWjoFEpVXw4v0F+DD2H7sZjH4qdE0ix3u95xPUrmhWUIrpFlGK6QiEqVXwWEohKkRgAXpjCdAgBAU4AQhIlKEMAQvbGioqeqWOzK4hAHJCF6aNdP3wUYA8pUFCkAQgoQAJF6IXlAAhCEAAXorylJQAiEIUAIhCEskEIQpAEIQhACEIUkAhCEACEIUgKhCFIAgIQgBaoQhSAiEIQAtUEoQoASqVqVCEB6ItXdWlfDRc0IUgewF5QhS+iEC9QwK30QhBJ5SJUKAEQhCAFohCEAf/2Q==	濕腐病	Choanephora wet rot	Choanephora spp	當夜間來臨，溫度下降，露水出現後，病原菌迅速產孢，叢生在患部上如同長黴一般。病斑向下蔓延。隨著日夜濕度及路水期長短的變化，組織病變程度亦快慢不同，遂於病害莖部呈現輪狀的褐色條斑。葉腋有露水累積，也往往出現類似病徵。高溫多濕時也會為害花器、嫩莢、嫩葉及下方的莖部。如果氣溫轉涼，露水期變短，則病害停止發展，植株又可抽出新梢，恢復生長。在長豇豆上則主要危害成熟的豆莢，致使豆莢腐爛，失去商品價值。	幼苗至成株均會受到感染，主要病徵出現在豆類植株頂端2～5公分的嫩梢及幼芽部分，故又稱為莖頂腐敗病，但農友一般稱它為「爛頭」。被害初期出現水浸狀斑點，在高溫高濕及長露水期環境下，水浸狀病斑擴展迅速，約2～3天便造成被害組織軟化，出水腐敗，導致莖頂曲折，而夏季高溫及曝曬於陽光下，腐爛部位立即乾枯倒掛在頂梢。
	http://www.nonglinzhongzhi.com/uploads/allimg/20170504/15fog2vgbcmjj51.jpg	灰斑病	Gray leaf spot	Stemphylium solani Weber		本病害主要危害葉片，不危害果實。初期徵在葉片呈現細小圓形之黑褐色斑點，透光時可見周圍包以一小黃暈圈。嚴重被害時，葉片佈滿許多此類小斑點。當病斑稍擴大後，病斑中間病組織轉變為灰褐色而破碎，導致葉片急速死亡，變為褐色而掉落。
	http://2.bp.blogspot.com/-BbOuJl8bbKI/UEF2wDUkMDI/AAAAAAAAGlE/nYFSzefqRCk/s1600/%E8%8D%89%E8%8E%93%E7%81%B0%E9%BB%B4%E7%97%854.jpg	灰黴病	Gray mold	Botrytis cinerea	早春低溫潮濕，日照不足是灰黴病蔓延的重要條件。病原菌於組織上產生大量分生孢子，藉氣流傳播蔓延，為主要感染源。	感染大蒜假莖、葉及蒜苔。葉部病斑呈灰白色小點，逐漸擴大成外圍褐色、中間淡色之橢圓形斑，並融合成條形大斑，嚴重時程葉枯現象，蒜苔則在低溫儲藏時發病。
	https://www.tndais.gov.tw/upload/tndais/images/news/13786/10411b.jpg	炭疽病	Anthracnose	Colletotrichum higginsianum Saccardo		主要發生於葉部，其他莖、莢也會發生，初期，於葉表面產生許多青白色、針頭大、濕潤之斑點，之後，變灰褐色。繼之，變為白色或灰白色的圓形病斑，病斑融合就形成不正形，其周源呈濃色，病斑處日久易穿孔。在多濕狀態時，發病嚴重之病斑生出淡紅色的黏質物(分生孢子層)。
		煙煤病	Sooty moulds of litchi	Phaeosaccardinula javanica	病害在本省全年均會發生，中南部冬季乾旱季節發病較嚴重。尤其是疏於管理，通風不良，且受昆蟲（介殼蟲、蚜蟲、葉蟬或其他分泌蜜露的小昆蟲等）嚴重危害之檬果果園。煤病菌為多犯性，可以感染多種作物，其分生孢子為病害之主要傳播與感染器官，分生孢子分佈於空氣中，遇到黏在葉片上昆蟲分泌之蜜露，便以其為營養，發芽生長菌絲，形成黑色塊斑，覆蓋在植物組織表皮上，但煤病菌本身為腐生真菌，菌絲本身並不侵入檬果組織。昆蟲亦會攜帶煤病菌之分生孢子，散播到其它健康部位。	被害部位包括葉片、枝條、樹幹及果實。被污染之枝葉，出現暗褐色或黑褐色的覆蓋斑點，而後擴展蓋滿整個葉片與枝條，顯得十分骯髒、不潔。此種覆蓋塊斑為煤病菌絲塊所構成，紙質，疏鬆易碎，容易剝離脫落，被菌絲塊斑覆蓋下之組織仍然健康完好，但檬果組織因無法接受充分之日光照射，故而光合作用受阻，導致植株生長不佳，樹勢衰弱；污染果實時，果皮上常呈現黑色塊狀污斑或條狀之淚斑，沿果梗而下，嚴重降低果實之商品價值。
		煤煙病	Citrus Sooty mold			發生於枝葉及果實上。產生毛狀或絨毛狀的褐色、紫黑色或黑色的覆蓋物。這覆蓋物完全表生，容易剝離並不危害柑橘組織，但阻礙葉片光合作用及呼吸作用，影響樹勢及果實外觀。
	https://health.tfri.gov.tw/fhsnc/sites/default/files/styles/large/public/images/%E7%85%A4%E7%85%99%E7%97%85.JPG?itok=cQ-6ETpf	煤病	Sooty mold of coconut		椰子葉片由於蚜蟲、介殼蟲之為害，於葉片上產生蜜露分泌物，煤病菌利用分泌物作為營養來源於葉片表生繁殖，本病尤於通風不良，日照不足時發生較為嚴重。	於葉片之下表面或上表面，產生黑色煤煙狀之菌絲，嚴重時會形成整片黑色覆蓋物蓋滿葉片，嚴重影響葉片正常生理作用。
		煤黴病	Sooty blotch and leaf spot		在長豇豆上嚴重發生，亦可為害四季豆、萊豆和鵲豆等。最適發病溫度為24～28℃，遇高溫多雨，此病害之發生極為普遍且猖獗，在連作田苗期也常見本病之發生。本病原菌在病株殘體及土壤中存活。	初期在葉面及葉背形成紫褐色小斑點，漸擴大為1～2公分之圓形至橢圓形斑點，其表面產生灰色或暗褐色之黴狀物，為其孢子叢。發病嚴重時，提早落葉導致減產。
		熱病	Blast	Pyiricularia zingiberi Nishikado	本病主要發生於中、高溫多濕季節，平地栽植的生薑，於2～5月間發生最嚴重。濕度高時，病斑處會產生菱形的分生孢子，藉風雨飛濺而傳播。	罹病葉片，初期呈現青白色水浸狀小斑點，逐漸擴大成褐色圓形、橢圓形或不正形病斑；病斑中央部為灰色，漸出現同心輪紋；通常較易自葉緣發生，病斑多時，會融合成不規則大形，最後造成整葉乾枯，此外，也可危害莖部。
	https://upload.wikimedia.org/wikipedia/commons/f/f7/Rhizoctonia_Root_Rot_on_Corn.png	猝倒病	Damping-off	Pythium aphanidermatum (Edson) Fitzp	主要發生於幼苗期，溫度與土壤水份高時容易發生。病原菌經由土壤傳播，在環境適宜時生育極快，藉游走孢子、卵孢子的發芽，感染未萌芽的種子或種子萌芽處，致使幼苗出土率降低，稱為種苗出土前猝倒病；若感染幼苗地際部或根部，形成水浸狀斑及縊縮，造成幼苗倒伏的現象，則稱之為出土後猝倒病。病斑漸擴大，自地際部腰折，病原菌棲息土壤中，被害根系腐爛，植株萎凋死亡。	
		猝倒病與根腐病	Damping off and root rot	Pythium aphanidermatum ; P. myriotylum ; P. coloratum等	水耕蔬菜不具上述之抵抗性，不論是幼苗或成株，只要感染病原菌，均發生嚴重根腐、矮化和萎凋病徵。病原菌以卵孢子、游走孢子囊在土壤中或水耕設施內以低密度存活，一旦環境適合即可發芽產生大量游走孢子，並迅速建立族群感染作物。由於種類很多，不論在低溫的冬季或高溫的夏季，只要潮濕多雨都適合本病害發生。	病原菌由根毛或根尖侵入，再向上蔓延至莖部，迅速殺死被感染的組織，造成幼苗出土前及出土後的猝倒現象，容易自土壤中拔起罹病株，其根部沒有土粒附著。當植株脫離幼苗期再受病原菌的感染，則因植株以發展出抵抗性，不再猝倒死亡，而是表現根尖或細根腐爛、植株矮化、減產和劣質等病徵。
		瓜類立枯病	Damping off; Soft rot			本病發生於幼苗期，種子感染後會造成不發芽，幼苗受感染後，罹病部位水浸狀、暗綠色、軟腐造成倒伏。幼苗受害未倒伏時，受害組織變褐色、乾縮、細窄，幼苗生育不良。
		番茄嵌紋病毒病	Tomato mosaic virus	Tomato mosaic virus		頂芽及頂部葉片變狹小，葉綠變尖銳，葉表面凹凸不平，黃綠相間的斑紋，有些植株頂端葉片呈現嵌疽及褐色斑點，嚴重時捲曲枯乾，全株萎縮、矮化、停止生長、不結果。
		番茄斑點萎凋病毒病	Tomato spotted wilt virus	Tomato spotted wilt virus		發病初期於頂端葉片上，呈現半透明之半月形小病斑，然後逐漸褐化，嚴重時葉子捲縮變黑，乾枯、停止生長、花器小、不易結果、植株矮化。
		番茄黃化捲葉病毒病	Tomato yellow leaf curl virus	Tomato yellow leaf curl virus		發病初期， 在頂端葉片及頂芽，葉片皺縮變厚，黃綠相間，嚴重時葉片向上捲曲變細，黃化葉脈變為紫色，感病植株花器變小，不易結果或結果而不發育，或果肉不變紅，全株矮化豎立，停止生長。
	https://book.tndais.gov.tw/Magazine/images/37-4g.jpg	疫病	Phyytophthora root rot or basal rot of wax gourd	Phytophthora melonis	病原菌在土壤中行有限的腐生生活，或以厚膜孢子或卵孢子形態殘存在土壤中或植物殘體。病原菌可形成孢囊，孢囊遇水釋出游走子，游走子隨灌溉水而傳播，灌溉水加速病害之蔓延。游走子藉雨水飛濺，沾附於寄主表面，感染寄主地上部位。本病原菌最適發病溫度為28～32℃，ph值為5～6；土壤排水不良或灌溉淹水會助長病害傳播。	疫病發生於結果期，地下根部受病原菌危害腐爛，地上部葉片下垂，呈現急速萎凋，卻仍保持綠色成為青枯徵狀，俗稱睡午覺，漸漸黃化枯萎而全株死亡；果實罹病部位呈現水浸狀腐爛病徵，濕度高時，可見病原菌白色菌絲。
		病床白絹病	Sclerotial blight	Sclerotinia rolfsii	傳播途徑多來自土壤或稻草堆肥，一般有機質較豐之堆肥，本病極易滋長，尤其在濕度較大時，成長快速，草菇栽培需高溫多濕，有利於本病之生長。	本病為人工栽培草菇菌床上之雜菌。其病害蔓延迅速，呈白色乳狀，覆蓋栽培床面，使草菇子實體無法成長，應為營養競爭菌。
	https://book.tndais.gov.tw/Magazine/images/44-16a.jpg	病毒病	Viral diseases		在栽培區大蒜又常與其他蔥科作物混植，經由蚜蟲及蟎類為媒介，造成多種病毒複合感染，且傳播極為快速，有些地區病毒發生率達100%。其中GCLV、LYSV、OYDV及SLV皆可經機械磨擦或蚜蟲媒介傳播。TMV只靠機械磨擦傳播，GarV-C靠蟎類在田間傳播。一旦感染病毒，蒜株上的病毒皆可經鱗莖傳至下一代。	經常由多種病毒複合感染，造成較嚴重之病徵，病株葉片呈現黃色條紋，新葉變細，抽出後呈淡黃色線狀畸形葉，嚴重時植株明顯矮化，蒜頭較小。
		病毒病害	Virus disease		在自然界主要靠蚜蟲傳播。高溫乾燥使寄主生長緩慢，抵抗性降低，同時縮短病毒之潛伏期，春秋兩季蚜蟲族群增加，本病易發生。	苗期葉脈透明化，葉片呈深淺綠色交錯之嵌紋。成株葉片除嵌紋之外，並有皺縮及深色壞疽小點，質地變硬變脆，全株矮化、結球鬆散，甚至不結球。
	https://book.tndais.gov.tw/Brochure/images/tech116/tech116p10.jpg	瘡痂病	Common scab disease	Streptomyces scabies (ex Thaxter) Lambert & Loria	本放射線菌殘存土中及病薯，為第一次感染源。病菌主由皮目侵入，亦可經傷口為害，土壤pH值較酸時不易發病，pH5.2～8.0時發生嚴重，土溫20～22℃易發病。	病菌主要發生於塊晶，初發病塊莖表面出現表皮破裂之疣狀物，逐漸形成隆起之圓形褐色瘡痂病斑，嚴重時多數病斑癒合並呈網狀龜裂，嚴重影響商品價值，甚而價值全無，
		白星病	Leaf spot	Phyllosticta zingiberi Hori	老熟病斑上可見許多小黑點，是本病原菌的柄子器，破裂後柄孢子藉風雨飛濺而傳播，病原菌以柄子器越冬。本病主要發生於高溫多濕的季節，於平地栽植的生薑，在7～10月間發生較嚴重，影響地下塊莖的生育。	葉片患病後，首先呈現水浸狀小斑點，隨後變成黃色斑點，逐漸擴大成為略近圓形之白色病斑，邊緣則為黃褐色，病斑繼而彼此融合，導致整葉乾枯。
	https://upload.wikimedia.org/wikipedia/commons/thumb/0/07/Powdery_mildew.JPG/1280px-Powdery_mildew.JPG	白粉病	Powdery mildew	Sphaerotheca fusca (Fr.) Blumer		秋冬季氣溫變冷後較易發病，主要發生於生育中後期的老葉，初期葉片出現白色小斑點，以後病斑逐漸擴大，嚴重時佈滿全葉，因病斑產生大量分生孢子而呈現灰白色，病斑後期常會產生圓形子囊殼，初期為白色逐漸轉為橙色，成熟時成為黑色。主要靠風力傳播。
		白紋羽病	White root rot of loquat		菌絲為本病害之主要感染源，平常以病株根部為其存活場所。病害主要藉健株與病株之根系交纏而傳播，亦可藉根部帶菌之幼苗、或帶菌之土壤以傳播與蔓延。病原菌的菌絲遇寄主根部即可在其表面生長，並侵入樹根木材。由於病菌自感染寄主根系至出現外觀病徵需時甚久，因此當外部病徵出現時，已無法挽救。罹病植死之後，如果土壤未經消毒，同一地點重植株亦會於短期內罹病死亡。本菌寄主範圍極廣，多數果樹皆可被害，但本省之記錄僅有七種，包括枇杷、梨樹、桃樹、蘋果、櫻花、葡萄、茶樹。目前全省發病並不嚴重，僅零星發生，侷限於高冷地區。	罹病樹幹基部長出緻密之白色菌絲，而後轉為灰黑色，因而白紋羽病(white root rot)之名稱，並非十分恰當，國外亦有將該菌歸屬於黑根腐菌者（black root rot fungi）。菌絲感染寄主時於根部表面生長，並向主根及莖部蔓延，即使在植株死亡後，菌絲生長亦不停止。罹病木材上會出現黑色線紋，但最後完全腐敗，瓦解，屬白腐(white rot)。因根部受害後，影響水分吸收及輸導功能，植株呈現缺水萎凋狀，而後經數月或數年而逐漸生長衰落、落葉、枯萎死亡。農民與甚多研究人員對本病害與褐根病引起之病徵，有時區別不易。兩菌引起之木材腐敗，均屬白腐。但白紋羽病喜低溫（病菌最高生長溫度30℃以下），病害多發生於緯度較高、或高冷地區，如東勢、卓蘭、梨山、磨天嶺等地，患部菌絲初為白色，而後轉為灰黑色，罹病木材上出現黑色線紋（炭化菌之共同特徵），為病菌與病組織之反應結果。而褐根病菌為擔子菌，喜較高溫度，病害發生於中部、中南部或較低海拔地區，如台東、新社、東勢、卓蘭、台中等地，患部菌絲初為白色，而後轉為黃褐或黑褐色，罹病木材上出現褐色網紋，為病菌之菌絲索。在台灣，褐根病之發生一般較白紋羽病為普遍。
	https://health.tfri.gov.tw/fhsnc/sites/default/files/styles/large/public/images/%E7%99%BD%E7%B5%B9%E7%97%851.jpg?itok=Uxt4ccsH	白絹病	Southern blight; Sclerotium rot	Athelia rolfsii (Curzi) C.C. Tu & Kimbr.		主要發生於生育後期，根部受病原菌侵入後，形成褐變壞疽現象，且附上一層白色絹狀菌絲，可往外蔓延，於土表形成放射狀之菌絲束，後期在菌絲上形成許多圓形菌核，初期白色後轉為褐色，挖開土表可見被害之根部腐敗。主要以菌核傳播，菌核可長期存活於土中，為次年栽種時之第一次感染源。
		白腐病	White rot	Coniela diplodiella Petrak and Sydow	傷口及充份的潮濕是本病發生的二個主要條件。本病在國外稱為雹害病，顧名思義，即是因為冰雹打過才發生的一種病害，原因是本病通常經由傷口侵入，因此在下雹暴雨颱風或梅雨期間，往往因為機械傷害，對植株造成許多傷口，而使本病大發生。高濕度是本病發生的另一重要因子。	 葉片、果粒、果軸、幼嫩的枝條均可被侵入感染。葉片病徵：在上發生的病斑多起源於葉片邊緣水孔處，起先呈淡白褐色小點，然後順著主側葉脈向葉柄基部蔓延，病斑迅速擴大，往往達數公分以上，呈三角僅沿葉脈生長成細長狀，黃褐色或茶褐色邊緣有黃，偶具輪紋，可造成落葉，在葉片枯焦位可以找到成群的病原菌柄子殼。果實病徵：感染時果皮頻色變淡白，病斑邊緣整齊，壞疽軟化很快，全果變色，此時極易招引果蠅叮咬，致使果皮與果肉分離。接著果皮破裂，在果皮上及裂口處產生許多細小淡白色水腫狀突起小瘤，約十餘天後，罹病果逐漸乾燥皺縮，懸掛於果柄上成灰白乾腐狀。困軸有時也會被害，先形成淡褐色壞疽，然後病斑迅速擴大，整個果軸變成暗褐色，並蔓延至小果柄，造成落果。枝條病徵：感染大多感染幼嫩枝條，罹病的位置樹皮很快轉褐變軟，且極易破皮，隨後整個枝條逐漸枯萎，並在罹病處產生許多孢子堆。
		白銹病	White blister	Albugo bliti	在疏於管理的栽培田，病害發生嚴重時可感染幼莖，罹病的莖部呈現肥大畸形現象。夏秋季高濕多雨之際，白銹病在田間之病勢進展初期緩慢，待葉片上少量的游走孢子囊堆成熟後突破表皮，藉風、雨逸散，釋放出游走孢子囊，在葉片高濕或具水膜時釋放游走子，這些二次感染源大量產生，伺機侵入寄主之氣孔，感染植株而造成嚴重的病害。	主要為害葉片，發生於葉背，偶爾發生於幼莖。初期呈白色斑點，隨後斑點擴大為黃或黃綠色圓斑，並略為凸起，大小2～10公厘不等，斑點有時候會聚集成群，造成大面積的黃綠斑塊，罹病嚴重的葉片無法正常開展，形成局部葉哭。葉片罹病部位會產生白色、圓形至不規則隆起，是為病原菌之游走孢子囊堆，為本病之主要感染源。
		白黴病	Soft mildew	Cladobotryum dendroides (Link.) Hughes	在潮濕環境中，本菌極易以孢子，藉氣流傳播蔓延，但通常僅發生於覆土表面，並不內侵及於堆肥。	本病菌的白色疏鬆菌絲遇到菇體即攀附纏結，終將其菇體包裹，被裹之菇體迅即腐敗，腐敗菇體上之菌絲生有許多孢子，外觀呈棉球狀，後期菌絲稍帶紅色，孢子聚集部份呈淡黃色。本病菌的孢子如掉落在菇體表面，即發芽侵入並向四週菇體蔓延。
		矮化病	Stunting	Virus		矮化症發生原因不詳，萎黃現象係有病毒所引起。被害植株葉片黃化萎縮，生長緩慢，影響產量。病毒病係蚜蟲傳播感染，故應於幼苗期做好蚜蟲防治工作，始能減少其發生。
		破葉病	Citrus Tatter Leaf		此病毒主要經帶毒穗芽嫁接育成之苗木傳播，雖然可用機械方式傳染，但少數以此方式傳播。生物媒介傳染至今未知。此病毒一般潛伏感染無危害徵狀。但以感病性枳殼與其雜交種為砧木，對植株矮化萎縮危害顯著。在其他有抗性砧嫁接之各種柑橘，寬皮柑、甜橙、四季柑、及柚類均潛伏感染無病徵，受害少。	此病毒對多數柑橘類及品種呈潛伏感染，無病徵。但當其感染C. excelsa，枳橙及Citremon，則在幼葉產生退綠斑點或斑紋成為萎縮畸型葉片。在枳橙有時枝條出現萎黃斑而扭曲，因此枳橙苗可用為指示植物。這使得日本過去以枳殼為砧木之柑橘產業地區受害其大。經濟品系嫁接於枳殼（Poncirus trifoliata），枳橙（citrange）或枳柚（citrimelo）時，則明顯出現穗砧接合部凹陷含黃褐色樹膠呈黃暈圈(yellow ring)，或鼓起摺裂縫(cleavage)，於強風吹過時在此部位易斷裂。此枳殼砧病株呈矮化，嚴重株葉色略帶萎黃
		穿孔病	Peach shot hole	Xanthomonas campestris pv. pruni (Smith) Dye	病原菌於夏季感染桃樹嫩枝條所形成之病斑(春潰瘍)為次年新生葉片的初次感染源，當次年春天，溫度升高且降雨時，病斑內之細菌開始繁殖並從枝條病斑邊緣泌出成黏液狀，遇風雨而被吹散至葉片上，由氣孔侵入繁殖，造成病斑，並由此形成次生感染病源，感染桃樹各部位，病原細菌在枝條上之病斑內越冬，次春泌出細菌危害。氣溫19～28℃，濕度70～90％時，於桃之生長季節內任何時間均可危害。	危害葉片為主，枝條、果實次之。葉片病徵：病菌自氣孔侵入葉片，最初於葉片下表面出現水浸狀圓形或多角圓形病斑，在葉尖或葉緣散生。病斑慢慢擴大，邊緣角質化，且漸呈黑褐色或紫色，病斑周圍有黃暈，後期，病斑四周與健全組織間形成離層，病組織乃脫落呈穿孔狀，受害嚴重葉片易於黃化落葉，導致樹勢衰弱。果實病徵：罹病時，出現褐色小點，後漸擴大並轉黑褐色，病斑部凹陷，邊緣呈水浸狀，且有流膠泌出。枝條病徵：罹病時，病徵為橢圓形或長條形，水浸狀，褐色至紫褐色病斑；如發生於枝條尖端，則造成梢枯或稱黑尖。
	https://www.tydares.gov.tw/htmlarea_graph/web_articles/tydais/2175/2.JPG	立枯病	Damping off	Rhizoctonia solani Kuhn; Pythium sp. ; Fusarium sp.	種子發芽後，由地際莖部侵入，造成幼苗倒伏及死亡。本省北部冬季多雨時易發生Pythium病害。由Rhizoctonia危害幼苗時，則根系易黑化腐爛，下位葉呈現黃化，氣溫偏高時易發生，病菌多為多犯性，存活土壤中造成幼苗受害，呈現苗立枯病。主要發生於平地秋末及晚春，此時平地不適宜波菜之生長，但農民為了獲取較高的利潤常在此時期種植，易發生波菜立枯病，造成種子不發芽、幼苗猝倒死亡、中至成株波菜立枯死亡、或靠近地基部組織冠腐現象。	
	https://health.tfri.gov.tw/fhsnc/sites/default/files/styles/bug_disease_pic_small_/public/images/%E7%B0%87%E8%91%89%E7%97%851-1.JPG?itok=0kviIl2s	簇葉病	Witches broom	Mycoplasma - like Organism	是一種系統菌質病害。本病致病病原是菌質體，可經由南斑葉蟬媒介傳播、栽植帶病苗、嫁接傳染、塊根心接等方式傳染。可感染本病的田間寄主植物有甘藷屬的牽牛花、馬麻藤、白花牽牛及長春草等植物。本病在田間之傳播蔓延，是由種植宿根病苗病薯塊及媒介昆蟲引起。殘留在田間的白花牽牛等雜草簇葉株是本病重要病源。	在甘藷病株顯現小分櫱、萎縮簇生，小葉叢生，節間縮短，枝葉細小，花瓣異常，開綠色之葉化花，塊根變成低品質小薯塊，甚而不結薯塊，對品質及產量之影響很大。
		粗皮病	litchi rough skin		種植於土壤貧瘠、排水不良、日照不足、通風不佳地區的荔枝樹易發病。一般罹病樹均樹勢衰弱，可能互為因果。自罹病株取高壓苗，種植後亦較易出現相同的病徵。	被害樹幹呈現突起的瘤狀物，樹皮顯得十分粗糙，突起物可用硬物刮除。罹病植株之樹勢衰弱，嚴重時造成枝條枯萎。
	https://www.tndais.gov.tw/upload/tndais/images/news/13825/10448b.jpg	紋枯病	Sheeth blight	Thanatephorus cucumeris (Frank)	在高溫多濕的環境中，植株枝葉旺盛、通風及透光不良時較易發生。	初期在近水面之葉鞘上產生橢圓形暗綠色的水漬狀病斑，逐漸擴大成為紋狀，中央部位灰白色，潮濕時變為灰綠色，病斑由下向上擴展，逐漸增大。主要發生在生育中後期。
		紫斑病	Purple blotch	Alternaria porri (Ellis) Cif.	病斑上產生許多病原菌的分生孢子，可經由空氣傳播，尤其在下雨期，孢子在罹病品種之組織上，經由氣孔或直接由表皮侵入，病徵出現於侵入後之1～4天，第5天即可產生分生孢子，若氣候適合則第二代分生孢子隨即形成。本病原菌可在種子內存活，亦可以菌絲和孢子在寄主殘餘物內存活。需有雨水或持續性露水期才能侵入植物組織和繁殖。生長溫度範圍極廣，介於8～34℃，但以25℃較適溫，90%為最適相對濕度。本病亦可危害大蒜及洋蔥等。	本病原菌可危害蔥之葉片，被害葉初呈淡褐色小型病斑，建擴大成紡錘狀，稍後凹陷為暗紫色紡錘型病斑，邊緣為淡紅色～淡紫色，上下兩邊稍黃化。在病斑上產生黑色黴狀物之同心輪。病斑部位常因呈帶狀乾枯，易由此部位折斷。
		細條病		Acrodontium simplex (Mangenot) de Hoog	本病潛伏期，夏季約一個月，冬季約二個月。除了屬AA群之Musa accuminata 及本省山區之野生蕉具有抗病性以外，其它香蕉品種均會受感染。本病傳播可能和昆蟲有密切關係。	發病初期在葉背出現褐色小斑點，細如針頭狀，多數小斑點往往聚集而呈塊斑或沿左半葉之葉緣分佈成帶狀。病斑後期沿小葉脈平行呈細條形，黑色，長約1～4mm，寬約0.3mm。抽穗前蕉株，本病病斑一般在第6葉片以下之老葉出現，感染嚴重之老葉急速黃化枯乾。
	https://www.tndais.gov.tw/upload/tndais/images/news/12665/9950a.JPG	細菌性斑點病	Bacterial spot	Pseudomonas syringae pv. sp.	本病害於全年皆可發生，可為害馬來西亞、二林、軟枝及秤錘等之楊桃品種，病原菌於24℃至28℃最適生長，可存活於楊桃枝葉及果實中，罹病之枝葉及果實即為病害發生之主要感染源，藉由雨水及風傳播，由氣孔及傷口侵入感染，楊桃修剪枝條後及在春雨、梅雨期及颱風季節，為本病最易傳播之季節。	本病菌會為害葉片、枝條及果實，葉片上病斑初期為紅色針狀小點，漸漸擴大為直徑3-4 mm之圓形病斑，病斑外圍為紅色，中間顏色漸漸轉為暗紅色，病斑周圍會產生黃色暈環，由於病原菌分泌毒素，造成葉片黃化，嚴重時更產生落葉；枝條上之病徵，初期為紅褐色凸起之斑點，後病斑逐漸拉長呈橢圓形或條狀；果實上之病斑初為凹陷斑點，黑褐色，棱角部亦會發生，逐漸擴展為圓形或不規則病斑，幼果感染則易造成果實畸型，甚至落果。
		細菌性果斑病	Bacterial fruit blotch	Acidovorax avenae subsp. citrulli	本病菌可附著在洋香瓜種子表面，也可侵入種子的內部組織，帶菌種子成為本病主要的初次感染源，病原菌於低溫下在種子上可存活相當長的時間，種子發芽後病菌可感染幼苗的子葉與真葉，造成不明顯的病斑，罹病幼苗移入本田後，藉雨水或灌溉水而散播感染果實，病菌可經由果實上的傷口或氣孔感染果實，幼果受感染後病斑不明顯，但到將成熟前病斑則迅速擴大，病菌也可直接感染中、後期果，在適溫下3～5天之間就可形成明顯的斑塊，病斑有時會龜裂，並分泌出淡褐色的菌泥，成為本病重要的二次感染源。罹病的果實如繼續留在田間，則終究腐爛而釋出種子，帶菌的種子散落田間後長出的瓜株、殘留在田間的罹病果皮，以及田間可能帶菌的葫蘆科雜草，都成為感染下期作洋香瓜的重要來源。	病徵隨寄主種類及品種不同而異，洋香瓜果實上的典型病徵為果皮上的小型斑點，深褐色或橄欖色，有水浸狀暈環或無水浸狀暈環，果皮上的斑點大都不會擴大，但病原細菌已侵入果肉組織造成水浸狀、褐腐或木栓化病徵；有些品種則於果皮上出現不規則水浸狀斑塊，罹病初期病變只侷現在果皮，但中、後期病原細菌亦會向果肉蔓延。除危害果實外，子葉、本葉及莖蔓均可受害，本葉上病徵似露菌病受葉脈限制，但會沿葉脈蔓延，深褐色水浸狀，在高濕度環境下，病斑上可見病原細菌泌出的乳白色痕跡。感染幼葉而病勢未繼續蔓延時，會造成病斑破裂、葉變形的病徵，危害莖蔓形成水浸狀褐色病斑，漸擴大而枯萎。葉、莖罹病嚴重時除影響植株生長勢外，將是危害果實的主要感染源。
		細菌性萎凋病	Bacterial wilt	Pseudomonas solanacearum	病原細菌殘存於土壞中的作物組織，如茄子等作物殘骸殘留田間，待蓮霧根系發展到病原細菌處後，藉傷口進入蓮霧莖幹的維管束，蓮霧果樹則產生萎凋病徵。	蓮霧植株感染細菌後，新梢停止生長，葉片變黃、褐化，提早落葉，嚴重為害會造成大量落葉，後期植株會萎凋枯死。蓮霧植株一年生或多年生皆可受害，受害莖部或枝條組織橫切面維管束部位出現褐色，並出現淡乳白色乳汁出現。
	http://kmweb.coa.gov.tw/services/PublicImgResize.ashx?img=%2Fpublic%2FAttachment%2F991110221971.jpg&width=338&height=auto	細菌性軟腐病	Bacterial soft rot	Erwinia carotovora subsp. carotovora	病原菌以低量在土壤、植株殘體、田間雜草之根部或根圈土壤存活。病原細菌經由傷口或自然開口侵入。在田間藉雨水、灌溉水和昆蟲等傳播。	病斑初呈水浸狀小點，迅速擴大，組織軟化、變色、起皺、腐爛、裂開，流出汁液，導致結球或塊根腐爛，有時外表雖仍完整，但完整組織已崩解。結球外葉腐爛後，若遇乾燥環境則迅速脫水，成薄紙狀。葉菜類葉片受害，初呈水浸狀或半透明狀，隨後變褐、軟化、腐爛。基部或葉柄發病，導致植株萎凋。病部常有其他菌類之二次感染而發出惡臭為本病之特徵。
		綠黴病	Green mold	Penicillium spp.	本病主要從覆土開始發生，若使用麥粒菌種也應特別注意防範其發生。菇舍通氣不良，高溫，上床之堆肥發酵不夠成熟，極易發生。	本病害包括有數種不同屬而外形均為綠色之真菌。塑膠菇舍內相對濕度高，特別在栽期初期氣溫尚高，因此極適合本病害之擴展，通常此等病菌多在開始採收後二、三週開始蔓延。菇床上病菇，菇腳及死菇若任其棄置，則本病可大肆繁殖而形成多量孢子，常使本病盛行發生。
		線蟲病	citrus nematode		柑橘線蟲之二齡幼蟲侵入柑橘營養根後，即將頭部插在皮層內攝食，破壞附近細胞，俟其他微生物順著線蟲侵入的路線感染根部後，就會使感染部位呈現黑褐色的壞疽。嚴重受感染的根系變黑，皮層和中柱脫離，而致根系腐敗。根系受損害後，輸導組織的功能降低，地上部呈現微量元素缺乏及營養不良的徵狀。因此，最顯著的外觀病徵為枝葉稀疏，有黃化(chlorosis)、落葉及新梢乾枯(die back)等現象。柑橘線蟲雌蟲產卵時，會分泌黏性的膠質包裹卵塊，因此罹病根系經常沾黏土塊，用水沖洗也難去除。	
		緣枯病	marginal Acorch		本症在蕉株4～5葉期以前之幼蕉，不易發生，若有發生症狀亦輕微，至中株期(1～2公尺高)普遍發生，尤以下雨過後害斑進展迅速。在本省中南部蕉園均有發生，尤其是在磚窯工廠附近發生更為嚴重。	蕉株生長中期以後長出之新葉開始出現病徵，初期病斑出現在上方第2～3幼葉，初為暗綠色或萎黃斑條，稍帶水浸狀，斑點之顏色很快加深，呈深褐色之壞疽斑，嚴重時葉緣20公分處散生多數斑紋，因易受到圓星病病菌之侵入，因此鄰接之健康組織變淡黃色。嚴重被害病葉後期葉緣呈波浪或鋸齒狀邊界之枯焦帶。被害葉老熟後，症狀停止擴展，界線清楚，而枯死被害組織褪色呈灰白至淡褐色。
		縮芽病	Scab; Bud atrophy	Elsinoe batata (Saw.) Viegas et Jenkins	本病病原主要係經雨水傳播，病斑上之分生孢子，經雨水濺滴而飛散傳播至健康之嫩芽、葉柄或莖蔓，發芽後產生附著器，再自氣孔、皮目、表皮細胞直接侵入，於細胞間隙蔓延，導致外皮層細胞崩潰、壞疽。台灣的氣溫，一年四季都很適合本病原菌產孢繁殖，但孢子卻需經飛濺雨水或露水傳播，所以病害常隨雨季來臨而蔓延猖獗。	葉片上病斑多集中在葉脈，病斑為圓形或橢圓形，初為黃褐色，變為灰褐色略為凹陷，後來則稍為隆起。多數病斑癒合成為瘡痂狀，發病之嫩芽縮捲，故又稱縮芽病。
		縮葉病	Peach leaf curl	Taphrina deformans (Berk.) Tulasne	每年四至六月遇雨發生最多，其他月份甚為輕微。本菌以子囊孢子或厚壁分生孢子在桃樹芽體的鱗片上越冬。春天時，孢子落於桃樹葉片上，發芽侵入，菌絲在胞間蔓延，導致細胞增生肥大，後期，病原菌在葉片上產生裸生子囊，子囊孢子釋出成為次生感染源。本菌孢子發芽適溫為10～21℃，30℃以上本菌即喪失活力。因本病在本省僅見800公尺以上之高冷地如山霧社等，平地栽種之桃樹未見本病。	被害部位以葉片為主，花器、幼果及當年生枝條亦受害。初生幼葉上一部分變紅，繼之肥腫，扭曲變形，罹病部位初呈紅色或紫色，後期轉為紅黃色或黃灰色，此時在其上產生大量灰色粉狀子囊孢子，最後葉片罹病部擴大並呈褐色腐爛狀，易於落葉。幼果受害呈畸形易脫落。枝條罹病，節間縮短，嚴重者會出現腫脹病徵。
		缺硼				果實外觀畸形、硬化，切開後果皮增厚並出現褐色斑點，果肉（囊）褐變、硬化無果汁、無甜味。
	http://r1.twspa.com/picxs2/79/304853316e4954676365.jpg	缺硼症				主要發生於果實上。初期果實會流出乳汁，進而果實表會凹凸不平呈腫瘤狀突起，果肉硬化，有時果肉褐化，果農稱為「塊腫病」，發生後，果實即不易催熟，風味變劣，無食用價值。
		缺鈣症	Calaium deficiency			缺鈣症主要病徵分別出現在葉片及果實，在新梢葉片的葉緣呈現波浪紋，葉片漸變小，嚴重時葉緣褐化乾枯，果實上病斑主要在果實底部，果實底部表皮變褐色有時呈水浸狀。
		缺錳				新生葉片黃化
		缺鎂				在果實採收後，老葉片出現倒Ｖ字黃色區域。
		胡瓜嵌紋病	Cucumber mosaic virus	Cucumber mosaic virus (CMV)	蚜蟲(桃蚜、棉蚜)傳播是田間病害發生之重要原因。	葉片畸形較正常者為小，並向上捲曲。明顯之病徵是葉片上密佈黃色斑點，並有嵌紋現象。嚴重時蔓之頂梢黃化萎凋，葉片嚴重畸形。果實上有黃綠斑駁嵌紋。果實畸形、萎縮、硬化果汁產量極少。
		胡瓜嵌紋病毒病	Cucumber mosaic virus	Cucumber mosaic virus		感病的植株，頂端的葉片變成柳葉狀，有時僅剩葉脈，莖也會變細，嚴重時全株葉片變成絲狀。
		胡麻葉枯病	Brown spot		在生長不良時偶爾發生。	被害葉部初呈褐色小斑點，漸擴大成胡麻粒狀或橢圓形之暗褐色病斑，具淡黃色暈環，葉鞘受害則呈不規則之淡褐色大病斑。
		胴枯病		Phomopsis fukushii Tanaka et Endo		發生於枝條及樹幹上，多由傷口侵入木材部，被害部呈淡紅褐色，皮凹陷乾枯，菌絲侵入表面著生黑色小粒狀之柄子器與健全相界處有小裂痕，感病枝條會枯死，樹幹被害部擴大後，可使植株樹勢衰落。本病菌原性不強，但管理不良果園發生猖獗，可使植株死亡。
		腐敗病	citrus wood and root rot		病害傳播靠土壤或幼苗帶菌。一般在植物衰弱、受傷、或二次感染時較易誘發病害。詳細病因尚不明瞭。	被害之柑桔根部、樹幹、及木材腐敗死亡。在潮溼之環境下，樹幹基部並會長出菌類之子實體。一般腐朽病害之病勢進展甚緩，自病原菌侵入至外觀病徵出現需時甚久。
		腦菌病	Caleves brains	Diehliomyces microspora	腦菌孢子分佈極廣，土壤為第一次感染的主要來源。孢子很容易在菇舍內，一作連一作的存活著。受污染的菇舍其木板夾縫處，常可發現許多子實體。連續發生數年後，菇床上即隱藏多量的孢子。有研究發現，若在後醱酵時，溫度達到60℃，則腦菌無法抵抗，甚難發芽，但因床板常無法達到此種溫度，這也是許多腦菌孢子已被殺死後，但仍會發生腦菌的原因。通常腦菌可在同一菇床上不同時發生，這種現象，並非產生新的發病區，而是由舊病區孢子傳播而來。如果孢子散佈在菇舍各處，則整個栽培將沒有收穫。每年腦菌出現後，殘留在床板內的孢子數量將隨之增加，除非將床板空氣換新，否則無法剔除。孢子除由舊病區連續感染外，也可由各種途徑進入菇舍。	當洋菇下種後，在菇床上出現白色毛茸狀的菌絲體，但不是幼菇，三五日後則有白色腦狀子實體出現，因其形狀似腦，特名之為腦菌。腦菌並不直接寄生於洋菇體，而僅是掠奪其生存位置與養分的雜菌。菇床上一旦發生腦菌，其著生處堆肥逐漸變潮，而呈粘膩暗黑色，且有特殊的腥臭，腦菌著生之部位，不會再出菇。
		花樟病		Erwinia ananas	田間的發病屬於偶發性。病原菌亦可在甘蔗及白茅的葉片上存活50日左右。若開花期間遇到下雨，而且果實發育後期連續高溫強日照射下，該年發病率較高。	危害果實。病果外觀無異狀，但以手指彈之，聲音硬而輕脆，類似敲竹筒聲，病果實縱剖開果肉呈褐色，硬化並略帶苦味。病果橫切，褐色部分圍繞果心呈放射狀排列，如樟樹樹幹橫斷面之花紋，故稱花樟病。
		芽枯病		Pseudomonas eriobotryae	在梅雨期前後，或遇強風傷害時，易發生此病，病原在葉部或枯枝病斑內越冬，遇雨水而傳播。	危害新芽、新梢、新葉及果實。新芽變褐色，不再伸長，側芽簇生，新葉的中肋呈褐色病斑，彎曲畸形，果實上呈黑褐色病斑，表皮龜裂，在枝幹上呈黃褐色不正形病斑，後呈同心輪紋狀病斑，露出木質部。
		芽葉疫病	Phytophthora Bud and Leaf Blight of Citrus		與苗期根腐病相同，當降雨或灑水致苗床含水量過高時，土壤中之疫病菌產生胞囊與游走子，成為初次感染源。孢子藉雨水或灑水時之水滴飛濺，而與柑苗之新梢接觸，侵入感染誘發病害。新梢染病後，病菌在病斑上可立即再形成胞囊與游走子，再感染附近之柑橘新芽。疫病菌可以直接侵染柑橘之幼嫩組織，而不需要傷口。當天氣晴朗，日光所照之處的病勢進展便立即停止。各種柑橘栽培品種的幼苗對芽葉疫病均甚為感病，但仍以甜橙類最為罹病。由P. citrophthora引起的金柑疫病，在降雨季節或颱風過後，發生十分嚴重，病菌可危害金柑全株，包括果實、葉片、枝條及根系，嚴重時整株果實與葉片於二、三天內全部掉落，最後植株枯萎死亡。但金柑對其他種的疫病菌（如P. parasitica與P. palmivora）甚為抗病。而其他柑橘品種（如椪柑、柳橙、柚類）對P. citrophthora 的抗性則較金柑為佳，人工接種後，不會發生全株落葉枯死情形。	柑橘幼苗之嫩葉與新梢被疫病菌感染後，初現水浸狀灰綠色如燙傷般之斑點，而後病斑擴展成灰褐色或黑褐色大塊斑，引起落葉及新梢枯萎壞死 。
		苗枯與莖腐病	Seedling blight and stem rot			　豌豆種子發芽時會釋放許多醣類及氨基酸等養份，因而誘引許多生長快速的病原菌。在高溫多溼的環境下，豌豆幼苗出土後，其莖基部和土壤交接處產生腐爛縊縮的病徵，造成猝倒或苗枯現象。當豌豆發芽出土時，被病原菌侵入頂梢，往往造成新葉枯萎，頂芽縊縮，若植株生長旺盛仍可萌發側芽，長成新株，否則全株死亡。白絹病在田間大都以單株或成蔟發生，可造成苗枯和莖腐病。然後自下位葉開始黃化，最後萎凋死亡，在莖基部或附近土面有白色菌絲和菌核。
	http://www.boujo.net/admin/wp-content/uploads/ine_011-2.jpg	苗立枯病	Damping-off; Wirestem	Pythium sylvaticum	在溼冷條件下易發病，病原菌首先存在土壤中，播種後，菌絲或菌核發芽以菌絲狀態侵入植株根部、葉部或植株的任何組織造成感染，表土濕度愈大，感染及傳播速度愈快。當植株成長至10～15公分時，本病原菌亦會感染莖部造成莖腐；初呈水浸狀；皮層部腐爛、變褐。若碰到乾燥環境則縊縮成凹陷病斑，而中柱仍維持植株屹立不倒，輕者降低產量與品質，重者死亡。病原菌主要以菌核或菌絲在罹病殘株存活，藉灌溉水、農具傳播。高溫高濕、連續陰雨、排水不良、密植亦有利於本病害之發生。	苗床期種子受菌感染後會腐爛，無法發芽，初生幼苗受感染後，近地際莖基部變褐色、水浸斑，萎凋、倒伏死亡。苗床後期感染，在土壤表面附近或表土層中的莖部組織變黑褐色，脫水萎縮、變細，全株發育不良。植株不同的部位受感染後，表現不同的病徵，包括種子腐爛、猝倒、根腐、莖腐、葉斑(或葉枯)、果腐和萎凋等。主要感染幼苗的莖基部，少數可向下蔓延至根部，組織也快速死亡導致植株倒伏，從土壤中拔起時，根部會有土粒附著。
		苦瓜-絲瓜嫁接苗立枯病	Damping-off	Rhizoctonia solani		秋作嫁接苗的培育時期正值高溫高濕的夏天，在24℃以上之環境，常有立枯病發生，初期在嫁接處之切口有水浸狀斑點，迅速擴及子葉及苦瓜接穗並造成腐爛，遇乾燥環境則罹病組織皺縮呈褐色，導致嫁接苗枯死，若在高溫多濕環境下，在絲瓜根砧莖基部亦會產生水浸狀縊縮之猝倒病徵，使嫁接苗死亡。
		苦腐病	Bitter rot	Greeneria uvicola Punithalingam	病斑大多由結果枝基部接近結果母枝蔓延過來，或因殘存在芽體的病菌孢子在萌芽時侵入感染，也可能由鋸傷催芽時所造成的傷口侵入感染。夏果5月上旬至9月上旬，冬果11月下旬至12月下旬。	本病危害葉片、枝條及果實各部位。葉部病徵：苦腐病會在葉片造成兩種病徵。一為小點狀褐色病斑，可在較幼嫩的葉片上發現，不繼續擴大，但密度高時會互相癒合，而成較大不規則型病斑，最後會使葉片變黃脫落，未完全展開之幼葉受害時會萎縮變畸形，老熟葉片則未見到這種小點狀病斑。另一種為大圓斑型病斑，病斑周緣呈灰褐色，中間黑褐色，有時具同心輪紋，上有許多黑色小突起，為病菌之生孢子堆。枝條病徵：葡萄枝條遭受苦腐病的危害，也因其老嫩程度不同而顯現不同的病徵。在幼嫩的結果枝條上產生褐色點狀子小突起的病斑，此種病斑由於病菌孢子傳播感染方向的關係，多數集中於枝條的一邊。在老熟的結果枝上則產生不規則大型褐色病斑，病斑處略下陷，和正常綠色部分交接處成明顯的黑褐色，這和葡萄枝條老熟後正常的褐變不同。果柄病徵：危害果柄時形成褐色縊縮病斑，其下方果實由於養分無法由枝條供給，慢慢軟化萎縮，而成房枯狀病徵，後期有落果現象。果梗及果軸病徵：罹病時也造成房枯及落果。果實病徵：大多由連接果柄處開始發病，初期為水浸狀壞疽病斑，果皮顏色變淡而褪色，略像白腐，病斑迅速擴大，隨後產生許多黑色小突起，成同心環狀排列。
		莖枯病	Stem blight	Phoma asparagi Sacc.	雨水、濃霧、露水及枝葉繁茂所造成高濕度均使成熟的柄胞子由柄子殼中釋放而傳播、發芽而侵入健全組織。莖枝病斑釋放出之柄胞子可隨雨水莖枝往下流，往往在地面莖基部造成大面積病斑，而葉部病斑主要發生在有濃霧及露水的氣候；田間殘留及田埂堆放的病株為莖枯病主要感染源，病原菌於病株殘體上殘存，埋於土中可存活九個月之久。母莖受莖枯病危害，嚴重影響蘆筍產量與品質。	莖枯病病原菌可侵害蘆筍莖、枝及業，於其上形成病斑，初發生時沿著莖生出紡錘形或線狀暗褐色病斑，周緣呈水浸狀，病斑逐漸擴大，中央部份呈赤褐色凹陷，上面散生許多黑色柄子殼；病斑圍繞莖枝，使得病斑上部乾枯而死，呈火燒狀；雨水、濃霧、露水及枝葉繁茂所造成高濕度均使成熟的柄孢子由柄子殼中釋放而傳播、發芽侵入健全組織。
	http://public.tactri.gov.tw/www//diag/veget/p30c25-3.jpg	莖腐病	Stem rot	Pythium sp.	菌絲形成孢囊產生游走子，可藉灌溉水傳播，病原菌卵孢子在極惡劣環境下仍可生存，於乾土中亦可殘存數年，高溫及充足的水份利於卵孢子的發芽與發芽管的伸長，為重要的第一次侵染源。	主要危害幼筍，較易侵入幼嫩組織，當幼筍出土即受危害，首先於莖表出現水浸狀斑駁，漸漸擴大，進一步侵入莖幹，使莖部組織腐爛、崩潰，水份運輸受阻，地上部呈枯萎狀，後期於莖表組織可見病原菌的白色菌絲。
	https://health.tfri.gov.tw/fhsnc/sites/default/files/styles/bug_disease_pic_small_/public/images/%E8%8A%B1%E8%85%90%E8%8F%8C%E6%A0%B8%E7%97%852.JPG?itok=xAaWazhu	菌核病	Sclerotinia rot	Slerotinia scleraotiorum	病原菌以菌核或菌絲在植株殘體存活。春、秋兩季多雨潮濕時，菌核發芽成為子囊盤，釋出子囊孢子為初次感染源，經氣流傳播而感染老葉。在植株生長期主要界病株與健株的接觸傳播，菌核常混雜在種子間，做長距離傳播。在適溫(19～24℃)、高濕、排水不良和偏施氮肥之環境，有利於本病之發生。	幼苗和成株在莖基部產生淺褐色凹陷腐爛病徵。輕者發育不良、矮化、減產。重者莖桿夭折、植株枯死。當葉片受感染，葉部組織出水、腐爛呈黑褐色之黏濕狀。高濕時，患部出現白色菌絲，在莖部或髓部產生米粒大之黑色菌核，在葉部則產生細小之菌核。
		菌質病	Phyllody	Mycoplasma-like organisms (MLO)		此病害於1986年在澎湖發現。受害茄子葉片產生畸型及花器葉化病徵，可經嫁接而傳播病害，葉蟬可能為主要的傳播媒介昆蟲，此一病害除澎湖外，本省茄子栽培區未有發現的記錄。
	https://www.ttdares.gov.tw/upload/ttdares/images/web_structure/2528/981002b01.jpg	萎凋病	Fusarium wilt	Fusarium oxysporum f. sp. callistephi	本病害為近年影響萵苣栽培最大的障礙，往往造成嚴重的產量損失。病原菌以厚膜孢子存活於土壤中達數年之久，遇適宜寄主則厚膜孢子發芽而由根部侵入為害，故該栽培田爾後種植感病的萵苣將會持續發生萎凋病。病原菌除了存活於土壤之外，國外尚有萵苣種子帶萎凋病菌的報告(帶菌率低於0.5%)，少量的病原菌進入栽培田內之後，經過數季的繁殖，其族群可大到造成嚴重的病害，故推測種子帶菌是廣泛傳播的途徑之一。	茼蒿萎凋病病徵與萵苣萎凋病類似，在幼苗期病徵較明顯，常呈現失水狀，植株萎凋枯死，通常在春季較易發生。萵苣萎凋病主要病徵為矮化、葉片皺縮變形，並由下位葉往上逐漸黃化，常在黃化的一測出現彎曲變形的現象；爾後萎凋死亡，莖基部及主根常可發現維管束褐化的病變。於每年5至10月高溫的夏季為嚴重發病期，低溫的冬季病害較輕，若有病害發生，病徵也不明顯，頂多於葉片出現皺縮之病徵。
		萎縮病		Banana Bunchy Top Virus (BBTV), Luteovirus	媒介昆蟲為蕉蚜，蕉蚜停留在病株上攝食2小時，即可獲得傳染萎縮病能力，又帶毒蚜蟲在健康蕉株上取食2小時，即可傳染萎縮病。本病的潛伏期約30～70日。在豪雨季節，蕉蚜活動力受限制，本病傳播較慢。	罹病蕉株矮化，假莖較細，葉片狹小直立，葉柄短縮，葉片叢集於假莖頂端而呈帚狀。新葉呈淡綠色，邊緣部分成白綠，沿中肋兩旁之葉色較濃，老葉則呈深綠色，組織脆而易破。葉柄、葉脈及中肋有深綠色斷續之線條。罹病蕉株往往不能抽穗，若抽穗則果軸和果指極為細小。
		葉斑病	leaf spot	Mycosphaerella fijiensis Morelet.	本病發生與氣候有密切關係，溫度與濕度對病害之發生關係最為密切。5～10月是發病嚴重時期。感染適溫是25～29℃，在氣溫25℃以下或35℃以上時感染率低。在一星期內有連續50小時以上時間濕度在95％時，或在3星期內降雨量達76mm時即行感染。其發生過程為當罹病葉片被雨水潤濕後，在葉肉內之子囊孢子射出並經風傳播感染幼葉。當被感染葉片出現第二期病斑時，有大量分生孢子產生，靠雨水沖刷或露水流動，再度感染幼葉。分生孢子在20～32℃下發芽，28℃最適發芽。本病潛伏期及出現各期病斑之時間有季節性差異。通常在7～9月高溫多濕時發病嚴重，10月以後氣溫逐漸降低，雨量亦趨減少，病勢進展逐漸緩和。	本病危害葉片，初期病徵通常出現在第3或第4片葉背面，為紅棕色小條斑，大約5～10 x 0.1~ 1公厘，與葉脈平行，通常集中在葉片左側和葉尖部位。以後條斑擴大、變黑，同時亦出現在葉表面。至中期條斑擴大而呈橢圓形褐斑周圍有黃色暈圈。至後期轉呈黑褐色或黑色病斑而後病斑中間開始變灰色。受害葉片提早枯死。
	http://ksisaas.ksi.com.tw/Uploads/%E7%97%85%E5%AE%B3%E4%BB%A3%E8%A1%A8%E5%9C%96%E7%89%87/35_%E8%8C%B6%E8%B5%A4%E8%91%89%E6%9E%AF%E7%97%85(%E7%82%AD%E7%96%BD%E7%97%85).jpg	葉枯病與葉斑病	Ascochyta blight、Mycosphaerella bight		病原菌可由種子攜帶或棲息於罹病殘株越冬，於初春釋出無性孢子，夏季期間噴出子囊孢子有風吹散傳播。高溫多溼最易發病，尤其在濕度足夠時，即使溫度稍微低一點仍可發病。	主要病徵在葉片上呈現棕褐色輪形病斑，嚴重時佈滿許多淡紫色小點，致使葉片扭曲變形、焦枯；在葉柄及枝條上出現紫褐色不規則條斑，莖基部呈黑褐色腐爛；種莢受感染後，在病斑的中央凹陷，病原菌藉此侵入種子內部，種子顯現淡褐色的圓形至不定形之壞疽病徵。
		葉緣焦枯病	Pear leaf scorch	Xyllera fastidiosa Wells et al		田間病徵每年七月初左右開始出現葉緣焦枯，主要特徵是葉片邊緣及葉尖處出現褐化現象，褐化部份會逐漸轉為焦枯，有些鄰近健全組織會有黃化，褐化部位會逐漸向葉之中肋方向擴大，癒合焦枯之面積有些僅佔葉之小部份，較嚴重者可達葉面積一半，並會提早落葉，罹病枝條隨著季節發展葉緣焦枯之葉片會漸增加，徒長枝之葉片通常至8～9月才開始出現病徵，由下位葉逐漸往上出現葉緣焦枯之趨勢，罹病的枝條逐年有明顯生長受阻，罹病株高接之果實變小，影響產量，嚴重者枝幹會形成枝枯，3～5年後整株會逐漸死。
		葉芽線蟲		Aphelenchoides fragarieae (Ritzema Bos) Christie	本病原線蟲以外寄生形式寄生於葉芽及新生葉片生長點，線蟲隨著寄主植物表面之水膜而移動。因此雨水多，濕度大，溫度高的季節傳染極速。本線蟲亦由母株經由走莖傳染至幼苗，本線蟲世代極短，夏季14天左右即可完成一世代。	本病原線蟲主要寄生於嫩芽內，侵害生長點，致使葉片皺縮植株矮化。由於心芽受到破壞，常誘發許多不定芽的生長。育苗初期遭受感染者定植之後往往只開一次花之後即不再來芽，植株停止生長，逐漸死亡。
		葉黴病	Leaf mold		當溫度18～26℃，溼度高達90～100％時最易發生。分生孢子自葉背病斑產生後，隨氣流或雨水接觸而傳播，有時亦可附在種子上。	主要發生於葉、莖、花及幼果亦可被害。初期病徵葉背面呈現不明顯之灰白色小斑點。在潮濕環境下，這些病斑之下表面著生紫褐色之黴狀物。病斑初呈圓形，後因葉脈阻止呈不正形，表面呈淡黃色，背面轉為黃褐色至灰紫色，後期葉捲而枯死。
		蒂腐病	Stem end rot of mango fruit	Botryodiplodia theobromae Pat.	為檬果採收後之貯藏期病害。病原菌為多犯性，感染源來自枯枝與樹皮上的柄孢子。病菌孢子主要感染成熟果實之受傷部位，一般由果蒂或果皮的傷口侵入。病菌亦可侵入受傷之枝葉、果梗、樹皮及枯枝中，在其內越冬，成為翌年之感染源。	受感染之檬果果實在市場上或貯藏期發病。首先果梗枯乾、脫落，接著果蒂處組織軟化褐變，病斑擴展迅速，沿果軸中心蔓延，引起果實軟化、完全腐敗。有時病斑出現於果皮其他部位，初為水浸狀斑，病斑迅速擴大，果實腐敗。
	http://public.tactri.gov.tw/www//diag/other/p20c7-5.jpg	蔓割病	Fusarium wilt	Fusarium oxysporum f. sp. niveum (E.F. Smith) Snyder et Hansew	罹病組織中的菌絲及大孢子可形成大量厚膜孢子，在土中厚膜孢子遇植物根之分泌物即可發芽，若遇寄主植物(西瓜)，則由其根侵入，為害植株。若是遇非寄主植物，厚膜孢子不能侵入，則又會變成厚膜孢子。種子可攜帶病原菌，因此幼苗之死亡，大多是種子帶菌感染所致。本菌最適生長溫度為26～28℃。病害發生溫度為19～28℃。本菌喜酸性，因之酸性土適於蔓割病之發生。	成株期、苗期雖會被害，但本病多發生在著果不久的成長株。最初病徵為萎凋，通常先由一枝蔓開始，繼之全株萎凋，最後死亡。受害植株地上部呈萎凋，蔓內維管束褐變，其外部偶有割裂的症狀。在較潮濕的環境下病斑處(裂口上)產生粉紅色菌絲及孢子，為本病病原菌。將蔓(莖)剖開，維管束呈褐色，根部維管束亦有褐變。若幼苗期被害，幼苗萎凋，繼之死亡。
	http://www.hdares.gov.tw/files/web_articles_files/hdais/6656/2437.JPG	蔓枯病	Gummy stem blight; Mycosphaerella black rot	Didymella bryoniae (Auersw.) Rehm	本病原菌可在種子、病蔓和土壤中存活並感染植株，但主要感染源則是在病蔓上之子囊殼與柄子汽產生的子囊孢子與柄孢子。前者隨風吹送傳播，後者藉雨水飛濺傳播。最適發病溫度為18～25℃。接種源經由表皮侵入瓜類幼苗的子葉和莖部，造成暗黑色之圓斑，致使植株生長緩慢，嚴重時會哭死；對老化的組織則由氣孔或傷口侵入，在支蔓上造成蔓枯(故稱蔓枯病)，尤其在接近地面之莖冠部造成潰瘍腐爛病徵(農友稱之為「敗頭」)。	蔓枯病病原菌由表皮侵入幼苗子葉及莖蔓，被害部初呈淡黃綠色油浸狀，被害組織終呈流膠或乾枯，尤其接近地面之莖基部造成潰瘍腐爛病徵。病斑上散生許多黑色小粒狀之柄子器和子囊殼，在潮濕環境下患部會有橘紅色的流膠，末期整株死亡。雨後葉片或葉柄受害，呈水浸狀黃化疽，提早枯死。病原菌除隨風吹送外，雨水飛濺為主要傳播途徑。
		蔟葉病	Witches' broom	Mycoplasma-like organism		植株呈現小葉萎黃及葉片叢生之簇葉型病徵。
	http://ctca.tw/img/sick/sick01_1.jpg	藻斑病	citrus algal disease	Cephaleuros virescens Kunze	藻類係低等植物，種類很多，在陰濕地區發生較多。在高濕情況下，藻類產生胞囊，由此胞囊內之游走子藉水滴、雨水、露水或昆蟲傳播至他處。	藻類在枝條與葉表面產生略圓形之毛絨型斑，直徑約 3-8 mm。
		衰弱病		Mycoplasma-like organism，MLO(菌質體)	本病病原菌質，棲息於有機能的篩管。胼胝質（callose）可能沈積在篩管處而使其壞疽，因此失去輸導機能，植體再形成新的韌皮部被害時，嚴重被害樹形成新篩管時也失去其功能。	每年四月葉片開始轉紅，導致樹勢衰弱，分急速衰弱及慢性衰弱，前者出現病徵時同株不同枝幹一齊出現，數個月內或次春即死亡，慢性衰弱者多由某枝條開始發病後擴及全株，一般經數年後死亡。
		裂果			缺乏灌溉與排水不良之果園，突遇連續降雨或豪雨時，果皮細胞吸水後膨壓過大，較易破裂。一般晚熟品種，在果實生育中期遇梅雨時，發病較嚴重，並易誘發酸腐病。	一般發生於生育中期果實，成熟轉色果實較少發生。罹病果實縱裂，裸露出果肉，並造成落果。
		裾腐病	Phytophthora root rot, foot rot & gummosis		適溫高濕（20－25℃，相對濕度90％以上時）之環境適合發病。根腐病在土壤濕渡過高時發生嚴重，尤其是排水不良、土壤黏重、或土壤硬盤較淺之地區。在颱風過後如遇連續降雨，嚴重時可造成苗圃全畦幼苗於短期內全數枯萎死亡。而斑星天牛危害或穗／砧癒合不良，或嫁接點過低時，裾腐病之發生較頻繁。一般柑橘栽培品種可能罹患根腐病與裾腐病，尤其是未經嫁接之高壓苗與株心胚苗。砧木品種中，枳殼、酸橙、紅文旦較抗病，酸橘、廣東檸檬為中感性（附表）。除P. cinnamomi外（柑橘菌株不危害其他作物），其他四種危害柑橘之疫病菌為多犯性，寄主範圍廣泛。平常病原菌靠菌絲或厚膜胞子存活於柑橘（或其他作物）根系、土壤或植物殘體中，等降雨或灌溉、澆水致土壤濕度飽和時，病菌形成胞囊及游走子。游走子可在水中游泳，感染相鄰之健康根系，並藉風雨吹送、或昆蟲、小動物等攜帶至樹幹基部，侵入感染，誘發病害。而生存於根部疫病菌亦為裾腐病、果實疫病之主要感染源。	根腐病與幼苗疫病：柑橘根部被疫病菌危害時，稱為根腐病。細根、支根及主根均可被害。受害之根系表皮脫落、腐敗，生育停頓，被害之粗根褐變、流膠，而沾黏土壤顆粒。病害輕微時，地上部無明顯病徵；嚴重時，出現葉片黃化、落葉，生育停頓，全株萎凋、死亡。幼苗較感病，常出現整區幼苗黃化枯萎，而在連續降雨後，整畦柑苗可能急速萎凋枯死。裾腐病與流膠病：裾腐病一般指靠近地面45公分以下之樹幹基部組織被疫病菌感染、受害；而流膠病指流膠現象發生在其他主幹、枝條。外觀病徵多於天氣轉涼時（冬季12月至翌年2月）出現，罹病植株之樹幹基部凹陷縱裂，滲出褐色透明膠液，被害處上方之枝葉黃萎、落葉，嚴重時全株枯死。將罹病樹皮切開或剝離，可見組織軟化褐變，但褐化現象至維管束為止，不會侵入心材。病勢進展一般縱向蔓延較橫向蔓延為快。＊備註：根腐病之病徵與立枯病、其他土壤病害、線蟲病害、營養缺乏引起之病徵相似，或有複合感染情形發生，診斷較為不易。而裾腐病、流膠病亦易與其他真菌、肥傷、水患誘至者相混淆。因此，欲斷定柑橘是否罹患根腐病與裾腐病，最好經由組織分離程序，或進行誘釣檢定，以判別與鑑定病因。
	https://upload.wikimedia.org/wikipedia/commons/thumb/a/a5/Suikerbiet_planten_Cercospora_beticola.jpg/1280px-Suikerbiet_planten_Cercospora_beticola.jpg	褐斑病	Marssonina leaf spot		分生孢子為傳播器官，每年六月開始發生，並8～9月達至嚴重程度，引起落葉。	最初在葉之表面出現褐色小點，後漸擴大，邊緣不規則，病斑外呈綠色，再外圍為黃色，葉上病斑多時，全葉呈綠黃斑駁花紋，上有褐色小斑塊，其上生有深褐色蟲糞狀污點，是本菌之胞子堆(又名孢子盤)。果實亦可被害，但極少見。
	https://health.tfri.gov.tw/fhsnc/sites/default/files/styles/bug_disease_pic_small_/public/images/%E8%A4%90%E6%A0%B9%E7%97%853-2.jpg?itok=zdPy9LLt	褐根病	Brown root rot of loquat		外觀病徵：慢性立枯(slow decline)：果園內有1-2植株出現生長衰弱，葉片稀疏、黃萎、落葉情形，罹病株病情逐日嚴重，約一、二年後死亡。罹病株週圍果樹亦逐年出現相同病徵，病情逐漸向外擴展。急速立枯(quick decline)：有時病勢進展快速時，罹病株則發生急速萎凋現象，葉片黃化乾枯，果樹死亡後，葉片並不立即脫落，可以停留在枯樹上數月。根部病徵：罹病株根部組織初期褐變，與健康組織間之界限並不十分明顯，而後木材褐化，約數月後白腐(white rot)。腐敗木材上並長有不規則之淺褐至深褐色網狀線紋(black net lines)，為該病害之特徵。罹病根系之表皮甚易剝落，表皮上長有褐色菌絲塊，並黏有土塊石粒，顯得十分粗糙，故稱為褐根病。	中部以南低海拔山區或平地，酸性、貧瘠土壤易發病。年度降雨較多時，發病亦較頻繁。重植區、新墾殖區之植株殘根如果未經清除，亦易發病。病菌侵入植物根系，須很強之營養基質，因而病害主要靠根系接觸，或病土傳播，因此前往病區作業後，鞋底須經消毒，再進入健康果園。病原菌可在植株殘根中存活5年以上。褐根病菌為多犯性，寄主範圍廣泛，包括多種果樹、觀賞植物與林木，已經發現之果樹寄主除龍眼外，尚包括荔枝、梅樹、枇杷、梨樹、番荔枝(釋迦)、柿樹、楊桃、葡萄、蓮霧、蘋婆、愛玉子等。品種檢定多種果樹與觀賞植物，顯示枇杷、梅樹、梨樹、番荔枝、柿樹、葡萄十分感病，而檬果、柑橘十分抗病；觀賞植物中黑板樹等亦非常耐病，可考慮為重植時之替代植物。
		褐痘病	Bubble	Mycogone perniciosa	本病菌可產生二種型態的孢子，一為薄壁的分生孢子，另一種為含二個室的厚膜孢子，其上室為褐色、厚壁，下室則為薄壁。此種厚膜孢子可經由洋菇呼吸代謝氣體及洋菇幼期子實體抽出液之刺激而發芽，它可存活在土壤中達數年之久，是主要的感染源。本病菌菌絲在8℃時即可生長，21～28℃為適合生長之範圍，以24℃為最適合，32℃以上不能生長。本病為高溫性發生病害，氣溫一旦下降，則其病勢隨之減弱。	被害菇體異常腫大，呈畸形。幼菇已分化具有菇柄及菇傘後被感染時，則菇柄逐漸腫大，表面具脈絡狀隆起，故稱腫柄病。後期菇體上滲出紅褐色液滴，故又稱褐痘病。病菇最後黑化腐敗，倒伏覆土表面，成為本病發生之接種源。
	http://210.69.150.201/InsectTest/_Data/OriginalPicture/20070828094351/20071129094236/200711290944171.jpg	褐腐病	Phytophthora fruit brown rot	Phytophthora palmivora (Butler) Butler	靠近地面之果實較易被感染。罹病果實表皮，初現褐色水浸狀斑點，病斑迅速擴展，3-4天後即可佈滿1/3的果實表面，此時果實轉黃，掉落地面。罹病果實不軟化，但產生特殊之霉腥味。濕度高時，果實表面有時會長出白色霉狀菌絲。	適溫高濕（20－25℃，相對濕度90％以上時）之環境適合發病。果實褐腐病在連續降雨、或颱風侵襲後易發生，嚴重時可造成未防治之柳橙園50％以上之果實落果。中南部地區之褐腐病多發生於每年八至十月，北部地區在冬春季陰雨棉棉時發病較嚴重。柑橘品種中柳橙、晚侖西亞（香丁）、溫州柑、檸檬、來姆、葡萄柚、柚類均甚感病，椪柑等寬皮柑較抗病。疫病菌平常靠菌絲或厚膜胞子存活於柑橘根系、土壤或植物殘體中，等降雨或灌溉、澆水致土壤濕度飽和時，病菌形成胞囊及游走子。游走子可在水中游泳，並藉風雨吹送、或昆蟲、小動物等攜帶至果實，侵入感染，誘發病害。
		褐菇病		Pseudomonas tolaasii Paine	灑水及高的相對濕度，有助病菌發生，洋菇表面上輕微的濕度，有助病菌發生，洋菇表面上輕微的濕度變動對感染也極為重要，相對濕度低至34℃仍可發病，溫度8～18℃均適宜發病。	本病菌對整個發育時期的洋菇都能危害，病原細菌侵入菇體後，僅經數小時的潛伏期就會出現病徵。初期菇傘上呈淡黃色圓形或不規則形斑點，病斑稍凹陷並迅速擴大，隨即轉變成褐色或深巧克力色，且常彼此相融合，患部常有裂紋，病菇內部組織仍呈白色。
	http://4.bp.blogspot.com/-PcAfWdfg8A0/ULN_ViAU55I/AAAAAAAABfM/RrVcMx9x8Y8/s1600/df050069951aeaaa.jpg	角斑病	Angular leaf spot	Phaeoisariopsis griseola (Sacc.) Ferraris	病菌由葉片氣孔侵入，在葉肉及欄狀柔軟細胞之間生長，侵入大約9天之後，病菌形成壞疽病斑。潮濕環境能加速發菌發展，其生長溫度範圍略廣泛為16至28℃，最適當溫度為24℃，在24℃，並連續下雨24～48小時的環境下，病菌易擴散傳染。種子可傳播角斑病，但病菌主要存活於罹病殘株及土壤中，約140天至500天左右。病原菌的孢子可由風來傳播。作物耕作制度可能影響病菌的發生及流行，尤其與玉米輪作之菜豆田，角斑病的發生更為劇烈。	病斑初期會形成灰褐色，後期轉為暗褐色，並在葉片上形成角斑為本病的最大特徵。發病後期病斑會癒合形成大病斑，嚴重時會使整個葉片皆為害，而造成黃化、落葉。高濕時於病徵處會有病原菌的孢子形成，為第二次感染源。果莢亦會被病原菌所危害，病徵為形成紅褐色圓形斑點。
		豌豆芽根腐病與疫病	Root rot、Stem rot		豌豆苗(芽菜)是設施內無土栽培的新興作物嚴重發生。病原菌來自土壤或栽培介質，經多次栽培後，會存留於育苗盤水孔之殘根上，成為重要感染源。	根腐病會引起種皮變黑，根部腐爛，幼苗矮化；嚴重時，在種子及幼苗上佈滿白色菌絲，引起腐爛等死亡病徵。另外亦可發生較不嚴重疫病，莖部呈水浸狀，迅速擴大呈腰折、猝倒病徵。
		赤星病	Pear rust	Gymnosporangium haraeanum Sydow	本病主要發生於2~5月間。梨赤星病菌有兩寄主，一為梨樹，一為龍柏、塔柏。本菌在梨樹及龍柏、塔柏之間輪迴寄生。梨樹上所產生之春孢子不再為害梨樹，但被風吹至龍柏上發芽侵入龍柏，翌年一、二月形成冬孢子堆為赤銹色突起物，大者成瘤狀，遇雨膨脹成膠狀物淡褐色至紅褐色，佈滿全樹。冬孢子發芽伸出前菌絲上著生擔孢子，被風吹至梨樹上後，如有雨露即侵入幼嫩葉中，先在葉表皮生出精子器並分泌蜜露。其中精子與受精絲常經由蠅類、蜂及螞蟻取食蜜露時完成授精作用。授精之後，病菌在葉背生出春孢子器及春孢子，春孢子再藉著風傳至龍柏上侵入葉內潛伏，至次年形成冬孢子，如此輪迴寄生完成生活史。	早春梨葉出現淡紅色小點，擴大後成紅褐色，表面稍凸出，產生精子器。不久其背面突出數公厘毛絨狀淡色春子器，頗為顯目。至後期病斑處轉黑，嚴重時引起落葉，腔內春孢子可危害龍柏。早春遇雨時龍柏上的冬胞子堆膨脹呈褐色膠狀物，內生擔胞子侵害梨樹。主要為害葉片，但幼果及嫩枝亦可被害，嚴重時全部落葉，病果畸形或落果。
		赤色病	Pink disease	Acetobacter aceti	開花期間病原菌經由螞蟻、蜜蜂、胡蜂及紅蜘蛛等媒介昆蟲傳入花腔內潛伏，果實成熟期間，氣溫等環境條件適宜時，病原菌大量繁殖因而引起果肉變色。夏威夷及菲律賓的研究報告均曾指出:開花期多雨的情況下，果實發生赤色病的比率較高，可能因病原菌藉雨水飛濺傳入花腔內之故。台灣南部地區的鳳梨赤病大多發生在3月下旬～4月中旬採收的春果，夏果雖偶也會發生但極少見。	本病危害鳳梨果實，罹病果外觀無異狀，剖開後，輕微者與正常果一樣，嚴重者其果肉略呈淡紅褐色，加工製罐時，加熱殺菁後，罹病部位的果肉略呈紅褐色，靠近心皮基部處的顏色較深。鑑定時以第二磷酸銨與病果共煮，病果果肉立即呈黃褐色，或以浸過第二磷酸銨的石蕊試紙，沾上一滴罹病果的果汁，置於沸騰的水壺嘴上，經熱氣蒸數分鐘後，立即變成黃褐色。
	https://www.tydares.gov.tw/htmlarea_graph/web_articles/tydais/3852/63.JPG	赤衣病	Citrus Pink Disease	Erythricium salmonicolor (Berk. & Br.) Burds. (Syn. Corticium salmonicolor Berk. & Br.)	夏秋季節，多雨潮濕的氣候，通風不良與管理不善的柑橘樹容易發生。在臺灣省山區柑橘園，尤其是北部與東北部，普遍發生。在罹病部位形成的孢子，隨風飛到健全株附著，由枝條裂縫處感染發病。	危害枝條或主幹。被害部最初有少許樹脂滲出，隨後乾枯龜裂，其上生出白色蜘蛛網一樣的菌絲，不久變成淡紅色。濕度高時，白色菌絲沿著枝幹向上下蔓延，圍繞整個枝幹周圍，形成鮮目的銀白色，罹病部上方的枝葉整個凋萎枯死。
		赤銹病	Rust	Puccinia allii (DC.) Rudolphi	本病原菌以夏孢子附著於被害植物組織越冬，為翌年之感染源。台灣發生盛期在4～5月間，當氣溫轉高、雨水豐沛時即消失不見。銹病菌較適低溫，夏孢子於9～18℃時最易發芽，22℃以上較不適宜發芽，34℃以上則完全不發芽。病斑上產生的夏孢子隨風、雨水傳播，造成重複感染，是病害流行的主因。	本病害危害葉片和莖，起初在葉表面上形成橢圓形之隆起病斑，此為病原菌之夏孢子堆，其後病斑之中央變為橙黃色，再縱裂並飛散出橘紅色粉狀之夏孢子。隨後再沿著此病斑形成深褐色長橢圓型病斑，即為病原菌之冬孢子堆。冬孢子堆色澤較濃，表皮呈鉛色粉狀物。發病嚴重時，葉片為橘紅色粉狀物所覆蓋，繼之乾枯倒伏。
	http://www.twword.com/uploads/wiki/ed/a3/859808_0.jpg	軟腐病	Bacterial soft rot	Erwinia sp.	病原菌能在感病組織或土中越冬存活，隨時由傷口侵入寄主引起病害。最適發生溫度為22～26℃，5～6月為其發生盛期，病原菌在感病組織或土中越冬存活，隨時由傷口侵入寄主引起病害。	危害葉片。初發病靠地基部葉鞘產生水浸狀軟腐壞疽斑，後延伸至葉片及地下部，使地上部葉片呈萎凋、失水及黃化，在土壤濕度高、氣溫高時發生最為嚴重。
		軸腐病			為貯藏性病害，整年均會發生，但以夏季發病較嚴重。在夏季貯藏及運輸中最流行的傷痍感染病害，其發病所需要之溫度較香蕉炭疽病尤高，約在31℃左右。	主要危害果軸、果實。本病病原菌孢子在香蕉分把後由切口處感染而引起，腐爛由果軸開始，然後延伸至果肉，果軸全黑，略動果指即會脫落。
		輪斑病	Zonate leaf spot	Cristulariella pyramidalis Waterman and Marshall	本菌寄主範圍廣泛，鄰近雜草均可被害，氣溫16～25℃有利本病之發生，近來因產期調整、枝條更新及嫁接管理等，本病害發生較少，山區如田寮地區偶有發生。	秋冬季葉上產生褐色大型病斑有灰色輪紋，低溫時病斑兩面著生白色至淡黃褐色、錘形、桑椹狀或聖誕樹狀之分生孢子束。被害葉易脫落，落葉上產生2～3公厘不整形暗色之菌核。
		輪紋病	Pear ring rot			果實病徵：初期病徵為表皮呈疣狀突起之白色小斑點，逐漸擴大變褐並呈輪紋狀，果肉呈水浸狀腐爛。被害枝條在皮目處呈疣狀突起，後期病斑呈潰瘍瘤狀並裂開，嚴重時梢枯並於裂縫處形成柄子殼及子囊殼。葉片病徵：葉片上的病斑呈黑褐色，具有明顯的同心輪紋，多從葉緣處開始。
		輪腐病	Bacterial ring rot	Clavibacter michiganensis subsp. sepedonicus (Spieckermann & Kotth off) Davis et al.	本細菌生存在塊莖內，可藉種薯傳播，本細菌耐乾力大，可由污染切刀、容器傳染，16℃以下病勢進展極緩慢，但高溫多濕時發病極快速。	危害整株。小葉黃化，葉緣退綠呈壞疽，然後整株萎縮，有時萎凋，此時莖維管束變色，切面施壓時分泌乳白色粘液。塊莖維管束初變黃，後轉為褐色，病勢進展時細菌由被害部滲出，用力壓塊莖時滲出現象更清楚，病勢再惡化時則維管束變黑，腐敗而呈空隙。有時收穫時仍無外觀病徵，但塊莖切面用紫外線照射時有綠色營光者表示帶菌。
		輪點病	Papaya ringspot	Papaya ringspot virus, PRSV, (屬 Potyvirus 群)	本病毒可經由汁液傳播，因此人手去除病株側芽或用刀械砍除病株時，均可將病毒傳至健株。田間主要傳播媒介為蚜蟲，Aphis gossypii (棉蚜)、A. medicaginis (豆蚜)、A. nerii (夾竹桃蚜)、Myzus persicae (桃蚜)、Rhopalosiphum maidis (玉米蚜)及 Sinomegoura citricola(柑桔蚜)均可傳播本病毒，蚜蟲自吸毒至完成傳毒之時間通常只要2～5分鐘，但如蚜蟲吸毒後，再經過2小時之飢餓處理即失去傳毒能力，如果帶毒之蚜蟲先於其他作物上吸食，經過30分鐘後，即失去傳毒能力。因此，本病之傳播速度，主要決定於田間有翅蚜蟲密度之高低，及病株之多寡與距離。	木瓜感染本病毒後新葉黃化變小，展開後呈現明顯斑駁嵌紋，嚴重時葉片皺縮畸型，老葉葉背則出現不規則之水浸狀輪紋，葉柄及莖頂幼嫩部形成長條狀不規則油浸狀斑紋，植株矮化，生長受阻，不易開花著果，花瓣上亦出現油浸狀輪紋，果實發育不良甚或畸型，並出現同心輪紋，甜度降低，後期葉緣焦枯，病株因老葉脫落，只剩頂端一束淡黃色新葉。此外，在田間亦可見到植株無上述之典型病徵，但植株會自新葉處萎凋，而後整株死亡，此種萎凋型病徵亦由木瓜輪點病毒所造成。
		酸腐病	Fruit sour rot of litchi	Geotrichum candidum 及G. ludwigii	本病主要發生於荔枝果實成熟期，高溫降雨季節易發病，尤其果實生育期因水分吸收不平衡造成裂果時，病害發生更加嚴重。病原菌在土壤中存活時間可長達一年以上。本病之初次感染源為來自地上落果，誘釣土壤中之病原菌後，經由昆蟲(例如：果蠅及蜜蜂等)吸食攜帶，將病原菌攜至樹上果實，造成果實腐敗及裂果，而產生乳白色之汁液及菌體，再經果實間相互接觸磨擦、昆蟲吸食傳播及雨水之飛濺，造成病害快速蔓延，罹病嚴重之果實掉落土壤後，若未加以清園處理，即成為第二年之初次感染源。	酸腐病菌主要為害成熟期之荔枝果實，對於花、葉片及枝條並不會造成為害。病原菌侵入果實僅需1-2天時間，果實即出現病徵，蔓延相當迅速。病徵最初為褐色水浸狀之病斑，進而造成裂果，表面有乳酪狀菌體，被害果實迅速腐爛並流出有強烈酸味之乳白色汁液。
		銀葉病	Stereum purpureum (Pers.ex.Fr.)Fr.	Chondrostereum purpureum (Pers.ex Fr.) Pouz.	十年生以上之大樹發病較多，擔孢子被風吹散，落於修剪之樹幹、枝條的傷口上，即行侵入，在樹幹內蔓延，破壞維管束與木材，致葉片呈現銀灰色，故名銀葉病。	罹病樹葉片失去綠色光澤，漸漸變為銀灰色，葉片上出現褐銹色壞疽破裂橫條紋。全株生育受阻而矮化，開花結果亦少，1～2年內死亡。將罹病枝條之樹皮剝開，維管束褐化。枯死樹幹上有時生出深褐色革質子實體，有如木耳，數層重疊如瓦狀。
		銹果			如金冠品種的果實，其角皮較容易發生裂目，故果皮容易受傷而發生銹果。此外在蘋果謝花後10～40天之間，角皮尚未發達，如遇毛脫落而角皮露出時亦易產銹果。其他如在高溫條件下，角皮的形成不良，亦容易發生銹果；氮肥過多的樹，果實發育的日變化大，角皮容易發生裂目亦可產生銹果。	蘋果銹果(生理性)：蘋果果皮發生銹狀物質(木栓組織)係因果皮受到傷害時，為保護其傷口而形成。一般果皮的表面為角皮所包著，當此角皮發生裂目時，果皮細胞就暴露而容易受傷，而使果皮產生銹狀物質(銹果)。
	https://upload.wikimedia.org/wikipedia/commons/thumb/6/66/Stem_rust_close_up.jpg/1280px-Stem_rust_close_up.jpg	銹病		Ochropsora airae (Fuck.)Syd.(或 O. sorbi (Oud.) Diet.		葉背沿著葉脈出現多角形，橙黃色之1～5公厘病斑，其上著生2～3個或20多個夏孢子堆，初無其他異狀，爾後多角狀斑處枯死呈灰色，本病近年來於低、中海拔處發生漸多。
		霉腐病	Rhizopus rot of Waxapple	Rhizopus  sp.	病原在不通風與豆粕為基肥等果園發生較為嚴重，南部果園從十二月至翌年六月皆會感染，本病菌生長快速，導致果園受害特別嚴重。	病菌主要為害成熟果，由傷口處侵入，容易造成落果，受害果初期表面會有白色菌絲，但後期菌絲頂端產生黑色孢囊，菌絲轉灰黑色，由黑色孢囊中可釋出孢子，藉風力飛散傳播。
		露疫病	eronophythora blight	Peronophythora litchii Chen ex Ko et al.	發病生態尚不完全明瞭，但過長之梅雨期為誘發果實露疫病之主因，連續降雨約一星期，靠近地面之果實開始陸續出現病斑。梅雨期過久，病害可造成果實大量掉落，全園無收成。春雨期過長時，花穗露疫病亦可能大發生。而運輸時，由於包裝箱內濕渡過高，如果參有染病果實時，亦易誘發露疫病。露疫病菌之寄主範圍僅限於荔枝，其殘存器官及場所尚不完全明瞭，病菌平常可以菌絲或卵胞子構造存活於根系或土壤中，等長期降雨後，病菌產生胞囊及游走子，藉風雨吹彈飛濺至靠近地面之果實或花器，造成初次感染。花器或果實發病後，病原菌在罹病組織上產生大量胞囊，藉風雨吹彈至較高部位之果實、或傳播至遙遠果園，於短期內造成流行病。	荔枝主要栽培品種(黑葉、糯米滋、桂味、沙坑小核、玉荷苞)均會被感染而發病。新葉、花穗、幼果至成熟期果實、或採收後運輸販售中之果實均可被感染，但以轉色至成熟期之果實發病最嚴重。連續降雨後，罹病果實表皮，初現綠色或綠褐色斑點，病斑迅速擴大成褐色，1～2天後，果皮表面並長出白色霜粉狀物，為病菌之胞囊與胞囊梗，罹病果實腐敗易掉落地面，造成嚴重落果。天氣轉晴後，向陽面果實上之病勢進展停止，霜狀物消失，病情輕微之果實上僅留下褐色疤痕。運輸時，同一包裝箱內，參有罹病果實或尚未發病之染病果實，由於箱內濕度高，開箱後，可見整把果實或整箱果實全數腐敗，病果上亦長滿白色霜狀物。花穗得病時，花器與梗、穗均褐化、掉落，罹病花上亦可見白色霜狀物。嫩葉病斑為不規則褐色斑，葉緣及葉脈褐變，葉片畸形，病斑上無霜狀物，嚴重時落葉，較不易與其他病害區別。
	http://www.hdares.gov.tw/files/web_articles_files/hdais/6350/2281.JPG	露菌病	Downy mildew	Peronospora brassicae Gaumann	孢子形成的適溫為8～10℃，孢子發芽為8～12℃，侵入寄主體內為16℃，病斑形成為20℃，但最適發病溫度為10～15℃。露菌病菌可以侵害任何生長期的寄主。大多由下表皮侵入葉部，於氣孔處伸出白色如霜徽狀物，然後在上表皮的相對位置形成病斑。發病初期，常可見黃褐色小斑點，然後逐漸擴大，形成被葉脈所圍、不正形、淡褐色、四周變黃的病斑。冬季及早春氣溫低，高濕時被害產生白色黴狀物，上生有分生孢子，以資傳播。	於葉部產生褪色小點，葉面呈輪廓不清、黃綠色斑漸擴展，葉背則產生灰褐色黴狀物，多數病斑連接成多角形病斑，可使葉片乾枯，若莖、花梗及莢受害時，呈膨脹之病斑。本病菌可在被害植物體內殘存，翌年遇低溫高濕時，再形成分生孢子，藉空氣傳播。
V	V	青枯病	Bacterial wilt	Ralstonia solanacearum	青枯病菌是一種土壤傳播性病原菌，可藉由土壤、鞋攜帶土壤，機械(如採收用之鐮刀)、作物繁殖體(如帶菌的蕹菜苗)、風雨飛濺、灌溉水、寄主植物根部與根部接觸等方式傳播。病原菌可經由植物體之自然開口及任何部位出現之傷口侵入植物體內，並在維管束內繁殖擴展而阻塞導管，妨礙水分的輸送，最後造成植物萎凋或死亡。水蕹菜栽培每年約可採收8次，而每次採收所造成之傷口是青枯病菌侵入感染之重要管道，也是青枯病發生及蔓延的重要途徑，因此水蕹菜青枯病發生比率常隨著採收次數之增加而增加。外觀正常之蕹菜植株也可能帶有青枯病菌，經調查其帶菌比率在25~93%之間，若農民將這些帶菌的蕹菜苗拿去種植，則青枯病一樣會再發生並傳播，因此來自病田的蕹菜苗是重要的感染源。田間罹病的植株可由根部釋放大量的青枯病菌到土壤中，造成水蕹菜栽培田土壤中枯病菌菌量逐漸增加，病菌能以游離狀態存活於土壤及田間罹病植物殘體中，也能在休耕的田裡存活四年以上。這些不論存在土壤中或在植株殘體中之青枯病菌均可感染新種植健康的蕹菜植株，因此病土也是主要感染源。經檢測不同地區曾發病之水蕹菜田，發現每公克土壤存在有104~107 之活病菌，顯示曾發生青枯病之蕹菜田，土壤中普遍存在青枯病菌，是必須防範的感染源。調查也發現，農友常利用種過寄主植物(如番茄、煙草、絲瓜等)之田地再種植水蕹菜，推測來自前期作而殘存於土壤中之病可能成為第一次感染源。青枯病菌也會隨著灌溉水，自罹病的蕹菜或其他罹病田區流入蕹菜田，經過一段長時間後，青枯病菌菌量慢慢累積，當菌量足夠後即可感染植株，造成青枯病。溫度試驗結果顯示，在16℃至36℃下蕹菜青枯病均會發生，但以24℃～36℃發生較為嚴重，若冬天溫度高於12℃，也會發病。由於蕹菜生長力相當旺盛，有時雖然植株已遭青枯病感染，未必會出現萎凋的病徵，但由於已帶青枯病菌，在下次採收時可能釋出病原而感染其他健康的植株。	蕹菜受感染後，在高溫多濕的氣候下以及雨後放晴時，原本翠綠的植株在數天之間葉片會失水下垂，繼而急速萎凋死亡。罹病植株仍保持綠色呈青枯症狀，但若剖開病莖有時可見維管束褐化現象，用手擠壓病莖時在病莖的斷面處會溢出白色的菌泥(ooze)。但因水蕹菜為空心之植物，且具白色乳汁，所以有時菌泥不明顯。若將罹病莖剪成小段，丟入盛有清水之透明玻璃杯，靜置數分鐘後，可看到病莖周圍湧出乳白色的煙紋，此乳白色的煙紋就是本病的病原菌，若具有上述現象，且證實非水蕹菜分泌出的乳汁，則可推斷為青枯病。
		頸腐病	Collar rot	Nectria haematococca	紫色百香果易感染頸腐病，黃色種有抗性。本菌無性世代為Fusarium solani，可營腐生生活。	初期基部褐心腐爛，但不軟化屬乾腐型，被害部膨大並有縱裂。樹皮內部組織乾腐，深及木質部，有時被害部不膨大且有凹陷，呈環狀皮狀。後期腐爛擴大，植株萎凋。被害部表面生出許多紅色小球狀物，是本病原菌之子囊殼。
		鱗砧病	citrus exocortis	exocortis viroid (CEV)	本病以繁殖嫁接帶病接穗為主要傳播途徑。尚未發現媒介傳播，但可經工具機械傳播。Garnsey等報告，將已感染之刀片在citron莖部連續切割而獲得很高傳播率，在乾燥之刀片保存於室溫下，經一年仍有感染力。因此本病在果園可能經由使用工具而自然傳播。	鱗砧病主要係危害一些感病的柑桔品種，如枳殼，枳橙或廣東檸檬為砧木所產生之一種病害。由於各品種感病性、病原分離株(isolate)、系統(strain)不同，因此病徵之呈現與潛伏期亦有不同。他的主要病徵通常是罹病砧木樹皮上出現鱗片狀脫落，葉片稀疏，因此阻礙植株生長。一般抗病較強的品種如密皮柑及葡萄柚皆為無病徵帶毒者(symptomless carrier)，可能僅生長受阻或輕微矮化而無鱗片狀病徵產生。砧木樹皮上病徵出現的時間，枳殼約為4~8年，廣東檸檬則為4~5年。典型鱗砧病一般以Etrog citron Arizona 861為指示植物，幼苗經嫁接後若有鱗砧病，溫度在25~30℃下，約3~6個月後，可在枝條或葉柄基部，葉背中肋出現不正常開裂或脫皮，葉片則呈現epinasty之現象。CEVd除可感染大部分柑桔品種外，也可感染非柑桔寄主，但大部分為潛伏感染。1967年Weathers等曾報告，本病原除可感染Petunia hybrida外，P. axillaris，P. violacea及部分茄科植物如Solanum spp.，Physalis spp. 亦可被感染。另外，Gynura aurantiaca 經CEVd感染後，可產生epinasty病徵。從過去報告中可獲知，CEVd與potato spindle tuber virus( PSTV )均以自由核酸感染。如將PSTV與CEVd接種在馬鈴薯、蕃茄和Scopolia上，均可產生相似之病徵，兩種寄主範圍廣泛。
		黃萎病	Celery yellows	Fusarium oxysporum f. sp. apii (Ne. & Sherb.) Snyder & Hansen		本病為土壤傳播性病害，常發生於夏秋之際。病株呈葉片黃化，植株矮化及維管束褐化等病徵，嚴重時，會使整株芹菜急速萎凋死亡。本菌利用厚膜孢子存活於土中，亦可寓居於雜草的根部。一旦栽種芹菜時，本菌的厚膜孢子即可發芽，並由根部侵入，為害寄生。
	https://phis.baphiq.gov.tw/WebEvery.nsf/AttachFileView/482573B6002232B948257ED10013D2AC/$file/%E7%94%98%E8%97%8D%E9%BB%83%E8%91%89%E7%97%85.jpg	黃葉病	Cabbage and radish yellows	Fusarium oxysporum f. sp. conglutinans , F. oxysporunm f. sp raphani	病原菌以厚膜孢子在土壤中存活，。最適發病溫度22～28℃，而且在土溫17℃以下不利病害發生。	由根尖或傷口侵入寄生，主要由下位葉開始往上褪綠黃色，常呈單側偏上生長，致使葉片和植株向一側彎曲(歪甲)，植株矮化，根系減少，主根維管束褐化。
		黃龍病	Citrus Greening		以染病的芽穗經嫁接繁殖之苗木係主要傳病途徑，即帶病柑苗係普遍傳播之途徑，而成為田間蔓延之傳染源。在果園中亞洲木蝨(Diaphorina citri kuwayama)以永續性方式傳播此病菌，但不經卵傳播。傳播能力因木蝨生態型而有差異，例如臺灣生態型傳播力較低，但田間此媒介木蝨傳播可能顯著，因柑苗生長萌芽期暴露於野外受木蝨累積高族群傳染，故感染率頗高。七里香(Murraya paniculata)係木蝨生殖最喜好的寄主，但經研究發現它並非為此菌之中間寄主。此病菌在柑樹中轉移慢，而感染初期局限於木蝨傳染的部分枝條中，經數年月在樹中轉移蔓延全株。最近經人工接種及田間調查發現野生之木蝨寄主烏柑仔(Severinia buxifolia Oliver)為此病菌之中間寄主，能做為傳染源而經木蝨傳染到柑橘株。柑橘木蝨之其他兩種寄主木蘋果(Limonia acidissima Linn)及山黃皮(Murraya euchrestifolia Hay)經接種試驗證實並非為此病原之寄主。屬於耐熱性亞洲型之本地病菌，在高低溫下均可發病呈現病徵。各病菌系統對國內所種所有品種品系均為感染性而發病，此病菌往往與CTV複合感染，加強發病，尤其肥培管理不良之園中發病加速而嚴重。	雖其病徵群因柑橘品種略有差異，此病一般病徵為葉脈及相鄰組織黃化，隨著全葉變黃或萎黃，有時葉脈木栓化。遂隨落葉、稍枯、細根及側根之腐朽，樹勢衰弱而終於全株死亡。病葉變硬而向外彎曲，未熟落葉後長出細長幼葉呈缺鋅症狀。罹黃龍病樹株矮化，產生季節外多花，多半花落而結不整形小果，色淡略帶綠，皮厚，果軸硬化質劣。
		黑心病	Black heart		台灣鳳梨黑心病大多發生在11～12月採收的冬果，冬果的果實發育期間，若遇到寒流來襲，氣溫降到13℃以下，連續數日，1～2週後所採收的果實，黑心病的罹病率甚高。關於低溫寒害造成鳳梨黑心病的發生機制，據孫守恭、許忠雄的研究指出：鳳梨果實內的酥氨基酸，在低溫下受到氧化脢的作用，而氧化成黑色物質，此一氧化作用可因維他命C抑制，但因低溫下鳳梨果實內的維他命C的含量低，無法進行還原作用。	罹病果實外觀無異狀，將果實剖開，心部果肉呈深褐色，最後呈黑褐色，失去鳳梨原有的香味。
	http://210.69.150.201/insectsite/_Data/OriginalPicture/20070828094351/20071127091211/200711270914134.jpg	黑斑病	Alternaria leaf spot; Black leaf spot; Brown rot	Alternaria brassicae (BERK) Sacc.	本病靠病斑上分生孢子飛散而傳播。典型的病徵在葉片形成大小2～3公厘，呈淡褐色同心輪紋的圓形病斑，病斑後期，中央易破裂。在種子受害，種皮常出現皺縮或使發芽率急降。幼苗的胚莖會受種子上的菌危害，嚴重時易造成猝倒症。	葉、莖等皆可被感染被害部呈現2～10公分圓形且具鮮明同心輪紋狀褐色病斑。老葉發生較多，病斑數目多時，病斑相連在一起而引起葉片呈枯焦狀。葉柄、莖部受害時，患部呈黑色凹陷圓形斑或條斑。
	https://upload.wikimedia.org/wikipedia/commons/thumb/5/52/Apple_fruits_scab.jpg/1280px-Apple_fruits_scab.jpg	黑星病	Citrus Black Spot		柳橙、檸檬及其他甜橙最容易發病，椪柑次之，桶柑與柚類再次之。在柑橘枯葉上形成的子囊孢子，是主要感染源。枯葉上子囊殼內的子囊孢子成熟後，吸收雨水或露水，由子囊殼內放射出來。子囊孢子隨風飄至果皮或葉表上，發芽形成吸著器，緊附在寄主上表皮。再以感染釘直接穿透，潛伏在上表皮蠟和表皮細胞中間，不再繼續擴展。直到果實將成熟轉色時，或採收後貯藏期間，才顯現病斑。如有油斑病病菌複合感染，會提早出現混合型油脂狀病斑。本病菌在4月初，柑橘謝花結小果時就會被感染。但5月下旬或6月中旬以後，開始普遍感染，在中、北部，7月及8月是受感染主要時期。子囊孢子感染果實的時期及量的多少，受地區（南部較早）、氣象因子（溫度、濕度、雨量、雨天數）及落地枯葉狀況的影響，而大有差異。掉落在地面的柑橘罹病枯葉，如遇適當水分及溫度（20-30℃），30-60天就能形成子囊孢子。5-9月的氣溫適中（25-30℃）、雨量充沛、日照充足，適合黑星病菌形成子囊孢子。子囊孢子的放射，主要靠雨水。臺灣地區雨季在4-10月間，子囊孢子的釋放集中於5月下旬至9月底，7月的果實感染率通常達到最高峰。子囊殼的形成、發育以及子囊孢子的釋放，受多種氣象因子支配。低溫與過分潮濕的環境不利於形成子囊殼，氣溫在20℃以下、月雨天數在15天以上及月雨量250 mm以上時，子囊殼的形成及發育均不良。而溫度21-28℃、月雨天數14天以下及月雨量在50-110 mm之間，最適合子囊殼發育。子囊殼釋放子囊孢子與雨水有密切關係。大量子囊孢子之釋放多緊跟在下雨之後，但孢子放射量與雨量無關。含有成熟子囊殼的枯葉，在下雨0.5-1.5小時，或浸水20-140分鐘後，就開始放射子囊孢子，以第一天的放射量最多，到第九天仍會放射。露水亦可能促進子囊孢子放射。樹齡愈大，發病率愈高，樹齡在5年以下者，不容易發病。樹勢衰弱者發病率愈高。同時間採集的果實，著色程度及成熟度愈高，愈容易出現病斑。果實發育達到某一程度時，對本病菌產生「成熟抵抗性」，椪柑果實在8月中旬以後，即使有本病菌附著，也不容易侵入感染。因此，9月以後不必噴藥防治。採果後貯藏室溫度在20℃以上，病斑數增加快。尤其在28-32℃下放置6天後，有4%果實上的小病斑會癒合而呈腐敗型或黑斑狀病斑。隨著貯藏期間延長，腐敗型病斑會逐漸增加。	主要為害果實，葉片及枝條也會被感染，但不容易發現病徵。本病為潛伏感染病害，病菌侵入柑橘組織後，一般不立即出現病徵，直到果實快成熟貨貯藏時期才出現病斑。在將成熟的果實上，病斑初呈圓形，略凹陷，淡紅或淡褐色，約1-2mm。病斑周圍較早變黃。病斑逐漸擴張為不規則圓形，紅色或褐色，約3-4mm。其中央部褪色為灰褐色，並產生細小黑點的柄子殼。發生嚴重時，許多病斑密集在一起，形成大病斑。在果實上的病斑主要分成四類(11)，即硬斑（hard spot）、小斑點（freckle）、腐敗斑（virulent spot）及擬黑點病斑〔fales melanose（speckled blatch）。硬斑為最典型病斑，主要出現在轉色的成熟果實，病斑由暗褐色環圈所包圍，其外圍仍保留綠色組織；硬斑有時亦會出現在未轉色的綠果上，此時圍繞病斑周圍的組織轉黃。小斑點為一種小形紅褐色斑點，在果實成熟轉色後出現，有時會癒合成大斑點。腐敗斑主要在採收後之果實出現，當溫度升高時，偶而會出現在未採收的成熟果實上，病徵為紅磚色至紅褐色壞疽凹陷的斑點，病斑周圍無明顯的界限，病斑上可產生大量的柄子器。擬黑點病斑主要出現在未成熟果實，當開花後連續5-6個月高溫，會出現此種表生稍隆起病斑，有時有流膠現象，有時亦會發展成硬斑。
		黑煤病	sooty mold			
		黑痘病	Anthracnose	Elsinoe ampelina (De B.)Shear	夏果4月上旬至5月中旬，冬果9月中旬至10月下旬。病原菌早期潛伏於老幹樹皮，休眠芽或落地枯枝上，至次年春季萌芽後感染幼嫩葉片、枝條、果實。	主要危害幼嫩組織，葉、枝條、果實等。初期病徵為褐色針頭狀細點，隨後病斑擴大成黑褐色圓斑，中間則為灰褐色，容易脫落。造成葉片穿孔，嚴重者病斑彼此癒合，往往使葉片扭曲。枝條罹病時，先呈褐化，隨後罹病處凹陷，變成黑褐色瘡痂狀，無法正常發育，嚴重時瘡痂滿佈枝條至為可怖。果實罹病時罹病部位不生長，呈暗褐色或紅褐色圓斑並有黑色周緣，如鳥眼狀。
		黑痣病	Black scurf disease	Thanatephorus cucumeris (Frank) Donk	土壤中存在立枯絲核菌屬AG3群由傷口侵入感染，通常在冬天季風後多發生，由於莖地際部受傷或部份折斷，病原菌由此侵入感染而發病。	初發生時新生葉出現對稱型向上捲葉，易認為國外所報告的病毒引起的捲葉病(potato leaf roll virus)，小葉與莖呈銳角，節間較長，以後隨著生長，嚴重時心葉出現帶有紫色色素，易誤為國外所報告由菌質體所引起的purple top disease，以後從節間產生空中塊莖，地下部產生許多形狀不一致的小薯。
		黑目病	Black eyes	Penicillium spp.；Fusarium spp.	開花後，蜜腺管與花柱閉塞不全，弱病原菌由此侵入花腔內，等果實成熟後，病菌才開始侵入果目蔓延。使用藥劑不當或鳳梨生育衰弱時，發病較嚴重。鳳梨品種間之感病性有差異。	果實成熟期，管壁變褐色，初期僅在該小果的中心產生圓形或近似三角形的褐色斑點，造成小果果心的腐爛，而後斑點擴大，腐爛部分蔓延到果心內側，但本病僅發生在果實中的部分小果內。
	https://www.tndais.gov.tw/upload/tndais/images/news/13519/10044a.JPG	黑腐病	Black rot	Xanthomonas campestris pv. campestris (Pammel) Dowson	本病在溫暖、潮濕的季節最容易發生，台灣平地幾乎終年可見，尤以6～11月最為嚴重，但夏季高冷地區甘藍亦普遍發生，嚴重危害。種子帶菌是本病重要感染源，除可藉種子之攜帶而傳播外，田間病株尚可藉雨水、灌溉水、農具或昆蟲等作遠距離之傳播。	危害幼苗、全株、子葉、莖或葉部。子葉受害時，葉緣轉黑色，後期捲縮並萎凋，由葉片侵入時，常由葉片外緣水孔侵入，初其呈現黃色像”V”字的病徵，並向內延伸，成典型”V”病斑；田間亦有由傷口侵入的病斑，如蟲食痕等傷口處侵入，呈現非典型病斑。
		黑腳病	Blackleg disease	Leptosphaeria maculans (Phoma lingam)	病原菌在種皮或罹病株殘體存活，當種子發芽時由子夜侵入，擴及胚軸，嚴重時幼苗死亡。在潮濕的環境下產生柄孢子，隨雨水傳播至鄰株。存留於田間的罹病株殘體上面佈滿柄子器，產生大量柄孢子於膠樣物質裡，膠樣物質吸水膨脹而溶解，柄孢子即隨飛濺的雨水而傳播，故雨水是造成此病害大發生之主要條件。本病害主要發生於離山之甘藍、花椰菜和芥藍。在平地上未見。	在葉片上產生明顯的灰色病斑；在莖部產生條斑，在健部交界處為紫色，擴展至根部形成黑色潰瘍狀。患部之纖維慢慢被破壞，但從病株上之莖部在長出新根支持植株慢慢生長至結球。從此，外葉之葉緣開始向內變為紅色，類似缺磷症。當罹病株慢慢長大，下半部無法支撐上半部結球之重量時，植株會突然萎凋死亡。
		黑葉枯病	Leaf blight	Alternaria dauci (kuhn) Groves & Skolko Mscrosporium carotae Ell. & Lsnglois	本病原菌在空氣潮濕時可產生大量分生孢子，藉風傳播或以菌絲體及孢子在病株殘體存活，或在種子內存活。	主要危害葉片及葉柄，初期呈現水浸狀小斑點，隨後快速發展擴大成為橢圓形或圓形病斑，遇潮濕天氣，在病患部表面產生黑色分生孢子，罹病葉片後期變黑乾枯，葉緣捲縮。
		黑麴病	Black mold	Aspergillus niger	發生於採收後、儲藏及運輸期間。蒜頭收穫曬乾初期，病菌由莖頸侵入，擴展危害鱗瓣，表面產生黑粉，瓣內組織全部腐爛，除鱗瓣上的傷口外，亦可由根部侵入為害。高溫、高濕及傷口，為本病發生之三要件。	
		黑點根腐病	Vine decline; Root rot of muskmelon	Monosporacus cannonballus		本病害最大特徵即是罹病株發病初期的病徵並不明顯，約在採收前2星期，地上部會突然急速萎凋(sudden wilt)死亡，所產生的果實亦因此失去商品價值。罹病株之主根、支根或細根，被病原菌感染後產生許多褐紅色的病斑(lesion)，隨後病斑結合造成根腐，使得病斑也有可能形成壞疽斑，使得病斑處之根表和維管束褐化；褐化病斑也有可能形成壞疽斑，散生於根部各處，會破壞根部為管束致使之喪失吸水的功能。洋香瓜黑點根腐病病株所表現的病徵，在根部主要包括主根和側根的褐化和壞疽、維管束褐化，壞疽斑散生，常出現於根分支處(junctions)或幼根尖端，將植株自土壤中拔起時，罹病根系大都脫落；在枯死的根上散生著許多小黑點之子囊殼；但地上部的維管束只於近地面幾公分內出現褐化和皮層上散生褐至紅色病斑。地上部表現藤枯(vine decline)病徵，主要乃植株逐漸黃化，基部老葉焦枯、而當植株接近成熟時，會在新葉出現焦枯。在洋香瓜開始黃化，基部老葉焦枯，中午時呈現萎凋，病勢進展加劇而表現急性萎凋時，將植株自土壤中拔起時，罹病根系往往只出現壞疽斑散生情形，尚未產生小黑點之子囊殼。可將病根用塑膠待裝著保濕，促進形成子囊殼，有助於病害之正確診斷。本病與其他洋香瓜敗藤病害(vine decline diseases)的區別乃在於病根上存在有黑色子囊殼，且在地上部的維管束不出現褐色，病蔓上沒有病斑(lesions)。其子囊殼埋生於病根，所以不大會和M. phaseolina的小而不規則形菌核或其他病害種類混淆。本菌也會為害瓜類幼苗階段，但在田間尚未發現幼苗發病的情形。
	http://www.hdares.gov.tw/files/web_articles_files/hdais/5188/1821.jpg	黑點病	Leaf spot		主要發生於涼冷潮濕之季節，因此於山區9月底至10月初即可發現病株至12月及翌年1、2月間即達到發病高峰。較乾燥溫暖之平地發生稍晚，於12月中旬始普遍發生，而於2～4月達高峰，7～9月則罕見本病。本菌喜中溫高濕，其分生孢子於10～30℃間均可發芽，而以24℃最為適合，濕度愈高發芽率也愈高，尤其在水中發芽情形最好。本病之初次感染源可能是著生於病葉上之子囊孢子，第二次感染則為分生孢子，以往曾有報告指出，本病可經由種子傳播。	本病原菌可危害葉片及果實。初發生時，先於下位部之老葉背面產生水浸狀小點，隨後褐變，終而成為直徑1～3公厘之不規則小黑點，黑點略突出於葉之下表皮，此為病菌之孢子褥(Sporodochium)，上著生大小約14~26ｘ8~12μm 橢圓、卵圓或倒洋形之分生孢子。病斑之背面則轉為灰白至褐色，病斑老化後，有時會著生黑色小點，為病菌有性世代之子囊殼。環境適宜時，整葉迅速密佈小黑點，高濕時，黑點上有時會著生白色次寄生真菌，組織隨之壞死乾枯，繼而往上蔓延，如防治不當，2～3個月後植株僅剩心部少數葉片。該病發生於果實時徵狀與葉片上者相同，但黑點略微凹陷。
		黑黴病	Fusarium wilt of tomat	Pseudocercospora fuligena (Roldan) Deighton	病原菌的分生孢子主要靠雨水飛濺、流水或機械等傳播。它的分生孢子發芽後，經由葉片氣孔侵入。28℃最適合其生長及產孢，因此溫暖、潮溼的環境有助於病害之發展。	本病可危害葉、葉柄及莖部。初期病徵在下位葉的葉片出現灰白色小斑點，病斑會逐漸癒合，顏色轉變為灰褐色至黑褐色，此乃病原菌之分生孢子及分生孢子梗，後期病原菌蓋滿葉背甚至葉面，造成罹病葉乾枯，但不落葉。葉片上，初期病斑呈圓形，然後漸成不規則形，並以葉脈為界限，病斑背面產生褐或黑色的絨霉，捲曲枯萎，但不脫落。
		水稻徒長病	Bakanae disease of rice; Elongation disease of rice plant	Fusarium moniliforme J. Sheld	本病菌在自然界中，有性與無性世代會同時存在，以無性世代之菌絲及孢子就可連續繁殖，不一定要經過有性世代。田間高濕環境下，病菌比較容易形成子囊殼，而產生有性世代。本菌有性世代為異絲生殖，必須兩個親和性菌株同時存在，方能形成子囊殼。高濕環境下，病株上之子囊孢子成熟後可自子囊殼陸續噴出。但溫度太低時，子囊孢子即不能射出而自子囊殼之孔口泌出(Ooze)。	秧苗期徒長病，罹病苗常比建康苗高出1/3～1/2以上，病苗纖細黃綠色，葉幅變小，葉片與葉鞘之著生角加大。徒長病苗在移植後大部分枯死，移植後未死之病株病徵常會消失，至分蘗期又陸續再表現病徵。水稻分蘗盛期，除秧苗期被害之病苗再顯現病徵外，亦有新病株陸續出現病徵，插秧時原有病株再顯現病徵者一般無分蘗，新病株則常有少數分蘗。本田期徒長病之病徵與秧苗期之病徵相似，病株纖細黃綠色，葉幅狹小，葉片著生角加大，病株比健株高，當陽光照射及微風吹動時，極易識別徒長病株。徒長病株之莖節處生有不定根，稻桿維管束褐變，病菌在葉鞘內側及莖節上產生菌絲及小型分生孢子。當病株的維管束褐變蔓延到整株時，基部開始腐爛，故又名腳腐病(Foot rot)。隨之全株萎凋枯死，並產生白粉紅色的菌絲層，菌絲層上密生分生孢子，偶爾可見橙色之分生孢子堆，菌絲層最後轉變為淡灰色。當稻株間之溼度大時，常可見淡灰色的菌絲層上散生有藍黑色的小點，此即病菌之子囊殼，子囊殼單生或叢生。徒長病株大部分在水稻開花前死亡，無法抽穗；後期感染病株至抽穗期無論有無明顯病徵常能抽穗，但抽穗後病株相繼死亡，稻穗上皆為空粒或有少數穀粒但皆不飽滿。
		育苗箱秧苗立枯病	Seedling blight of rice	Sclerotium rolfii	秧苗立枯病之發生與否，非常符合植物病害發生之三角生態關係，即寄主植物、病菌及環境三者間互動結果。稻種及秧苗為寄主植物，生長勢強則抗性強，相對生育受阻時受危害的機會增加。本病之病菌種類很複雜，不同栽培土而有不同的病菌，各種病菌是否會引起立枯病，則視環境是否適合病菌生長而定	箱育秧苗立枯病之病原菌大多為土壤棲息菌，育苗箱所用培土或育苗時之氣候環境不同，則秧苗立枯病之病原菌就會有不同。各病原菌感染不同生育期間之秧苗，其症狀及病株在育苗箱中分佈型式均會不同。稻種播種在堆積期間受害，嚴重者將無法發芽，縱能發芽長出之芽亦因已受病菌為害而呈黃褐色，移出綠化時即枯死，未枯死之病苗生育嚴重受阻，移出約一星期異常褐枯死亡。綠化後秧苗，一般以叢集型為害方式，病苗在育苗箱中呈類似圓形之分布，並向外擴展。病苗最初由下位葉開始枯黃或從葉尖開始呈缺水青枯症狀，被害苗隨之枯死並轉變為赤褐色，拔取病苗可見其葉鞘基部、根冠及跟組織都已枯死。
		稻小粒菌核病	Stem rot of rice	Nakataea irregulare Hara(小黑菌核病)	病原菌在自然界以無性世代為主，利用菌絲行營養生長，以菌核為主要繁殖體，具殘存及傳播功能，菌絲在土壤中之殘存力不強，但病組織中之菌絲殘存期間較長。根據報告，本菌在寄主組織內會形成有性世代之子囊殼及子囊孢子。小粒菌核病的病組織枯死後，病菌在組織中形成大量菌核，並可延續至稻收穫。病菌在稻樁上繼續產生菌核，與零落殘留於土中的菌核，成為下期作之初次感染源。各方研究結果，顯示小粒菌核病在田間至少可存活4個月以上，比台灣各地期作間隔為長。小球菌及小黑菌在水稻葉片或葉鞘上菌絲形成附著器及侵入菌絲之最適溫度為24～28℃，在36℃以上不能形成附著器，在8℃時小球菌可形成少數附著器，小黑菌則不形成附著器。	
		稻白葉枯病	Bacterial leaf blight of rice	Xanthomonas campestris pv. oryzae (Ishiyama) Dye	病菌能在多種雜草、稻樁或堆積稻草上越冬，第二年雨水濺打越冬場所而把病菌導入灌溉水，形成第一次感染源。病菌可由水孔、傷口侵入水稻，並在稻體內繁殖，一直到分蘗盛期，病葉和鄰近健葉由風吹摸擦而傳播，形成病害之小焦點 (Foci) ，如遇大風雨吹打，則病菌可隨小雨滴濺飛擴散，並可以到達很遠地方而造成流行性病害。稻白葉枯病發生於溫帶、亞熱帶及熱帶。在溫帶地區如日本，病害只發生在高溫季節。熱帶地區則整年皆可發生，高溫多與可增加病害嚴重性，特別如雨水淹沒稻田後發生更為嚴重，分蘗盛期如遇颱風挾帶高雨量則常常造成流行病害，高溫和高濕有助病菌由病組織內溢出，而高雨量及強風有助病菌之傳播並造成傷口供病菌侵入。株距太狹有利水稻生長早期病害之發生，而對後期之影響不大；使用高氮肥降低水稻對病害之抵抗性。	水稻白葉枯病為一種系統性病害，主要為害葉片、葉鞘，偶爾到達穗部。侵入途徑為傷口或自然開口，侵入後病原細菌經細胞間隙進入維管束中繁殖及擴散，故又稱維管束病害 (vascular disease) 。其病徵有三種型態，典型葉枯病徵 (leaf blight) 、急性萎凋型病徵 (Kresek) 、淡黃化型病徵 (pale yellow)。病害在田間通常發生於分蘗盛期之後，有時則在苗期就可發現病徵，主要在葉片或葉鞘，偶爾可在榖粒上出現。
		稻胡麻葉枯病	Brown spot; Helminthosporium leaf spot	Cochliobolus miyabeanus (Ito & Kur.) Drechslerex Dastur [teleomorph，有性世代]	本病之病原菌腐生力強，可以在枯死的病斑組織中繼續生長。如此以菌絲與孢子反覆傳播與繁殖，存活於田間。本病菌汁殘存，係靠其菌絲或分生孢子。分生孢子在乾燥環境下可存活3～6個月，但在高濕度下則存活約1個月而已。稻種上帶有本病菌，經浸種催芽及播種後，其初生芽及根可能被感染，除了在育苗箱中高密度秧苗及低溫環境下，會引起秧苗枯萎外，正常狀況下，秧苗會迅速長出葉片，病菌並未感染葉片產生病斑。病菌在稻種榖粒及子葉上增殖，所產生之分生孢子，為感染秧苗後期葉片之第二次感染源。分生孢子無休眠性，只要溼度夠，雖未脫離分生孢子梗，亦會發芽。	於種子萌芽發生時，地際部呈褐色，子葉尚未形成即枯死。成株葉片被害時，初呈現褐色小斑點，建擴大成胡麻粒狀或橢圓形之暗褐色病斑，具淡黃色暈環。葉鞘受害則呈不規則之淡褐色大病斑。節部、穗及枝梗被害時，呈暗褐色或淡褐色。
		稻紋枯病	Sheath blight	Thanatephorus cucumeris (Frank) Donk 有性世代	病原菌在自然界以無性世代為主，利用菌絲行營養生長，以菌核為主要繁殖體，具殘存及傳播功能，菌絲在土壤中之存活力不強，但在病組織中存活期較長。高濕及低光照之環境下，紋枯病菌亦會在寄主組織表面形成有性世代之擔孢子。	本病在第一期作及第二期作均會發生。初期在葉鞘上形成灰綠色水浸狀的橢圓形病斑，後來逐漸擴大變成中間灰白色邊緣褐色，有時數個病斑癒合成虎斑狀。葉部受害時初呈濕潤狀灰綠色病斑，迅速擴大成雲紋狀或不正形的枯褐色大病斑。稻穗被害則局部呈污綠色，後腐朽枯死。環境適宜，病斑上或附近稻表面組織上的菌絲會形成菌核。
		稻細菌性穀枯病	Bacterial grain rot of rice	Pseudomonas glumae Kurita et Tabei	本病菌可經由稻種傳播，稻種發芽後存活在稻株表面，分蘗後期可達葉舌部位，大量增值族群，稻抽穗時病菌感染初穗致病。發病最適溫度在24℃～35℃之間，以30℃～35℃最適合發病，稻抽穗前後下雨有助本病之發生，下雨時間及頻度比雨量之影響為大。	本病發生於水稻齊穗後乳熟期之綠色穗，最初呈蒼白似缺乏水份狀萎凋之罹病殼粒。被害榖粒漸變為灰白色或淡黃褐色，內外穎之先端或基部變紫褐色，護穎亦呈紫褐色。每被害稻穗之罹病榖粒約為10至20粒，但發病嚴重時有一半以上之榖粒枯死。被害嚴重之稻穗呈直立狀而不彎曲。罹病榖多呈不稔，若能稔實其糙米大多萎縮且畸形，糙米之一部分或全部變為灰白色，黃褐色或或濃褐色，患部與健全部界限明顯。
		稻黃葉病	Transitory yellowing	Rice transitory yellowing virus (ICTV正式承認種名Rice yellow stunl virus)	黃葉病之主要徵狀為病株之葉片黃化與分蘗減少。罹病植株下方及中部葉片自葉尖開始轉變為黃銹色，葉脈間組織呈色較淡，隱然有斑駁，位於下方之葉片變色最早，常全葉枯黃，葉面散生銹褐色斑點，靠近葉尖部分撚捲乾枯。此外，發病稻株分蘗數減少，根群發育較差，生育後期偶有復健之現象，以致罹病植株抽穗明顯延遲。	罹病稻株矮化，分蘗增多，葉片呈淡黃色。在分蘗後期被感染之水稻，病徵不明顯，僅表現於少數分蘗莖上，且該分蘗莖比正常者為短。病株往往不能抽穗，即使能抽穗，稔實亦欠佳。生育後期感染之稻株，到收穫期雖無明顯病徵出現，但收割後之再生稻有典型之黃化現象。
		稻熱病	Rice blast	Magnaporthe grisea (Hrbert) M. E. Barr. (有性世代)		
		稻線蟲白尖病	Rice White-tip disease	Aphelenchoides besseyi	葉芽線蟲為兩性生殖，A. besseyi 在24℃及28℃之最適溫度下8～９天即可完成一世代。A. besseyi　在稻種萌芽後，以內寄生方式存在於鞘葉可達7～10天之久，完成一世代，隨後游出鞘葉，迄水稻收穫為止皆於稻株中外行寄生行為。A. besseyi 可以休眠 (dormant) 或脫水 (anhydrobiotic) 狀態殘存於植物組織、種子或殘株上，於採收後的穀粒中可存活8個月至3年之久。俟播種後，穀粒中A. besseyi 旋即復甦，往生長點方向趨集。分蘗後期此線蟲之數目達最高峰，並於開花前侵入花穗，於劍葉中行外寄生方式取食子房雄蕊、桴與胚。當穀粒漸趨成熟，此線蟲即停止繁殖，然三齡線蟲仍持續成長為成蟲，而集中於穎部。復甦後的A. besseyi 多為雌蟲，雄蟲數量偏低。	典型病徵出現於分蘗期，葉片抽出時，葉尖呈黃白色油浸狀，病組織透明而後轉呈灰白色條狀螺旋形捲縮，長度約為2～5公分，病組織常斷裂脫落，又稱切葉病。被害稻株，穗變短小，多呈暗紅褐色乾枯形狀，嚴重者，常導致抽穗不正常，節上另生1～2小型稻穗。
		白條病	Leaf xcald	Xanthomonas albilineans	慢性型：病徵變化較大。葉片產生1～2公厘白色細長如鉛筆線之條斑為典型病徵。有時葉片部份變白成全白。變色組織偶有壞疽紅斑。病株易生側芽，側芽葉片亦現同樣病徵。急性型：全株或部份分蘗，突呈葉片捲縮萎凋枯死，恰如無意中切斷根系，此等被害莖再行分蘗時，均表現慢性型相同病徵。除蔗苗傳播外，田間可經由蔗刀沾有病莖蔗汁於截切蔗莖時傳染。	本病主由病苗傳播。又採苗刀、鼠害及蟲害，亦可傳播。
		白葉病	White leaf disease	Mycoplasma-like organism	感染本病時，葉片產生一至數條狹長黃白色或白色條斑，沿葉脈由葉基部延伸至葉緣。條斑中時有綠色駁斑。嚴重者全葉變白。發病較輕者，於低溫時病徵可漸隱藏，狀似健株，惟翌年六、七月高溫多濕時，母株新葉及分蘗再度表現白葉病徵。秋冬乾燥時期，病株葉片多呈枯黃現象，漸次枯死。	本病為由一種類似菌質所引起，藉台灣斑紋葉蟬媒介傳播。
		赤斑病	red spot	Cercospora koepkei	葉片表面初期產生許多不規則之黃色小斑點，以後形成較大之黃色病斑，數目亦漸次增加而密佈全葉，後期病斑互相癒合並轉變成紅色或紅褐色。持久不變，病烈時可使病葉早期枯死。高溫多濕時葉背病斑部，常生灰褐色粉末狀物。此病原菌之分生孢柄或分生孢子。	多濕時葉背病斑部位，常生灰褐色粉末狀物，即本病之分生孢子，此分生孢子藉風雨傳播。以高溫多濕之7～11月為其發生盛期。
		赤腐病	red rot	Glomerella tucumanensis		葉片中肋之斑初期呈紅色條斑，後轉為中央枯槁色長條斑，其上散生黑色孢子堆。葉鞘之病斑不規則散生，其周圍朱紅色，中央黑褐色則略凹陷，後期病斑擴大癒合呈不整形大塊斑。被害莖節間呈紅色塊斑，但紅色程度濃淡不一，並襯以白色橫斑，為本病重要特徵。病烈時節間全部變紅或通過節部而延長至數節間。
		枯條病	spripe blight	ChLortic streak		被害甘蔗葉片呈淡黃細長條斑，由葉片基部向上延伸，條斑中央逐漸枯死，終成壞疽狀之枯色條斑。
		根部寄生性線蟲				根瘤線蟲危害甘蔗後，根端膨大呈瘤狀，初為白色，後漸變為褐色，以致腐爛，僅存殘根基部。矮化線蟲等危害蔗根表皮層細胞及根毛，造成根毛銳減，蔗根老化、壞疽、腐爛現象，導致根系稀少，植株矮化，潛存土壤中寄生性線蟲危害寄主根部。
		黑穗病	smut	Ustilago scitaminea	冬孢子為本病之傳播源，隨風及雨水傳播，亦可存於土中，於蔗苗發芽時，由芽部侵入危害。冬孢子於乾燥土壤可生存數月之久，宿根蔗園即因冬孢子散落後附著於芽部，於春天蔗頭萌芽時侵入，故其發生較新植蔗園嚴重。本病發生盛期主為4月至6月，次為9、10月。	被害甘蔗莖部細小，節間部增長，葉片狹而短，分蘗增多。嗣後蔗株頂端抽出鞭狀物，向外彎曲，初期有灰白色薄膜，以後薄膜破裂，曝露黑色粉飛散，此即病原菌之冬孢子。本病病徵之表現，以4～7月最多，其次為8～10月，11月至翌年3月間較少。
		鳳梨病	Pineapple disease	Ceratocystis paradoxa(Dade) Moreau	本病主要由土壤中之厚膜孢子侵入蔗苗，分生孢子亦可藉風力，由蟲鼠害莖及風折莖之傷口侵入。	被害蔗苗兩端切口先變紅，以後全部變黑腐爛而不能發芽。病症發展過程中發散類似鳳梨之香味。
		褐點病	Brown spot	Cercospora longipes	一般病葉上可形成分生胞柄及分生胞子。分生胞子為本病之傳染源，於潮濕季節大量產生並藉空氣飛散傳病。其發病之濕度要求比其他葉部病害如葉枯病、葉燒病為高，東部花蓮蔗區自12月至翌年4月為雨季，故這期間為其發生盛期，而西部因發生面積不大且氣候條件與東部不同，故其發生與蔓延的情形有待繼續觀察，但在6～10月之雨季，仍應密切注意。	葉片初期產生紅褐或黑褐色小斑點，以後斑點逐漸發展為1～5公厘，寬0.3～2公厘之病斑，顏色依舊。發病嚴重時，葉片上密佈病斑，中肋及葉鞘亦被感染。病斑稍呈紡錘形或橢圓形，具黃暈但有些則不明顯，大小甘蔗均可被害。
		開花病			本病為一種生理或遺傳現象，並無病原菌，若從尾齡已開花之植株，分段或採分芽繁殖，很容易開花，不應開花者，若管理不善也會加速開花。	竹株開花，後期枯萎死亡。
		污葉病		Clasterosporium mori	該菌只產生分生胞子。菌絲上直立分生胞子梗，頂端著生數個分生胞子。菌絲自氣孔侵入，吸取養分，形成分生胞子，發芽後以菌絲蔓延、擴展，產生新病斑。以胞子及菌絲在病葉上越冬，作為翌年感染源。	當白粉病發生時，常伴隨本病之出現。積水、悶熱的桑園尤易發生。初期葉背有黑霧狀斑點，逐漸擴大，病斑融合，至全葉佈滿黑斑。採下之葉片極易凋萎乾燥，水份和營養都減少，為蠶兒厭食。
		葉背白粉病	Powdery mildew	Phyllactinia moricola	該菌以子囊殼在落葉、枝條、樹皮、葉痕上附著越冬，翌年子囊殼裂開，胞子飛散感染，在葉背表皮蔓生菌絲，自氣孔貫穿葉肉組織，於內部以吸器吸取養分，表生營養菌絲上直生分生胞子柄，著生根棒狀胞子，成熟後脫落飛散再感染桑葉。每年4～6月間及10～11月間發生于桑樹老葉。	罹病葉背面初期有白粉狀斑點。繼則擴及全葉，似蓋覆一層白粉。後期白粉呈褐色，有黃褐、黑色小點散生，為子囊殼。
		細菌性縮葉病		Pseudomonas syringae pv. mori.	本病常發生在春、夏、秋季，尤其是梅雨後低溫多濕的環境發生最多。一般低溫密植，氮肥施用過多或低剪桑園也容易發生。	初期証狀為葉片呈水浸狀，形成多角形斑點後，即轉成褐或暗色芽病斑，最後呈枯黑狀。
		膏藥病	Brown lepra	Septobasidum tanakae	病原菌以菌絲膜在枝幹上越冬，到雨季時再產生擔孢子，附著在介殼蟲等煤介昆蟲傳播為害，被害桑樹因生理受阻導致營養不良，此病在肥料不足、低溫多濕以及排水、光照和通風不良時，尤其高幹養成之桑園內較易發生，而樹勢旺盛及新植桑園則發生較少。	主要因為其病原菌絲常在枝幹表面形成圓或橢圓形菌絲膜包被樹皮，狀似貼著膏藥。依病斑顏色不同，膏藥病可分為兩種：(1)灰色膏藥病，菌膜多在較粗枝幹背陽面發生，較平滑，中央帶灰褐色，周圍灰色，老膜表面有龜裂現象，整個菌膜具有輪紋。(2)褐色膏藥病，多寄生於枝幹上，其病徵呈褐色至黑褐色，邊緣一圈細灰白緣，菌膜表面呈天鵝絨狀，較厚，老化時不易產生龜裂。
		赤葉枯病	Brown blight	Glomerella cingulata （有性世代）	本病病菌屬弱寄生菌，由傷口侵入，嫩葉、嫩莖、老葉皆可罹病。分生胞子發芽最適溫度為24℃，附著器形成最適溫為20℃，侵入至發病須時9～12天。本病隨氮肥用量的增加而更形嚴重，全不施肥區會較施氮肥或氮磷肥區發病輕，故應鼓勵多施鉀肥或有機堆肥，避免偏用氮肥。	於葉片之病徵初期為黃綠色小點，擴大後呈深褐色，上有黑色小點，老化之病斑則成為灰褐色，發生嚴重茶園有落葉現象，感染後期整欉茶樹乾枯死亡。危害嫩芽時由綠色轉呈黑褐色，並往下蔓延，導致枝梢枯死。病斑上之黑色小點為病菌之孢子，後者形成單孢、無色、紡綞形之子囊孢子。
		茶餅病	on new buds	Exobasidium vexans	本病發生於冷涼、多霧、陰雨之季節，擔孢子無色、透明、單胞，空氣傳播，16～20℃適溫高濕發芽宜接侵入，6至8天病斑成熟，可連續7至10天釋放擔孢子。本病靠風傳播，在雨季、蔭樹很密、山谷或日照較少，通風不佳且陰濕的茶園，都容易感染本病，應予注意。	在嫩葉上時，初期病斑為黃色小點，隨後變為紅色並逐漸擴大，上表皮病斑凹陷而呈水泡狀，所以又叫水腫病，水泡之內面為紅色或紅褐色，下表皮病斑凸出面為灰色，其上滿佈白色粉末，此即為病原菌子實體，最後病斑萎凋褐變而乾枯。危害嚴重時，葉上有數個病斑，使葉片扭曲。發生於幼梢時，幼梢彎曲，新芽生育受阻而枯死。
		網餅病	Japanese Exobasidium blight	Exobasidium reticulatum	本病發生於冬茶採收前後至春茶前的冷涼多雨季節。病斑上形成擔孢子的條件為溫度10～28℃、濕度98％RH以上。擔胞子落在葉片上的發芽和侵入條件同茶餅病。侵入後潛伏期2～3週，至病斑形成子實層，須時1～2個月。本病發生期為11月至翌年5月，因山區海拔不同亦略有出入。	肉眼可見之初期病斑為0.2～0.3公分之黃綠色斑點，病斑漸大即轉淺綠色網紋狀，環境適當時長出稀疏白色粉狀物為其子實層，並沿葉脈生長，越長越密，終使病斑呈白色網紋狀，產胞後病斑轉黑褐色，葉片即向外捲曲萎縮，使春茶因茶芽生長不良而減收。發生部位在第一至第三位葉之成熟葉片。
		腰折病	Damping-off	Thanatephorus cucumeris (Frank) Denk		種子萌芽前可引起種子腐爛及幼苗死亡，萌芽後則引起幼苗植株腰折。一般在地際處莖部發生水浸狀，凹陷壞疽病斑，植株萎凋終至死亡。
		根瘤線蟲		爪哇根瘤線蟲Meloidogyne javanica (Treub.) Chitwood	二齡幼蟲侵入根組織後固著取食後漸漸肥大，終生不再移動。被害部組織分化腫大呈瘤狀，以卵塊或二齡幼蟲在土中越渡不良環境。砂土及砂壤土發生嚴重，粘土不易發生。	主要危害根部。幼苗期感染根瘤線蟲時，植株呈現黃化、矮小，中後期感染植株，不呈現黃化現象。
		棉鈴黑化病	Stem rot	Diplodia gossypina Cooke		罹病棉鈴初呈黑褐色腐敗，漸乾燥硬化，並在棉鈴上產生許多黑色小點並散出黑色粉狀物。
		吊腐病	Rhizopus rot	Rhizopus oryzae Went et Prinsen Geerlings	病原菌污染於空氣中或乾燥室內壁上，經葉柄或其他傷口處侵入組織危害。黃變期烤菸室內之溫濕度均適合菌絲生長與病害進展。病害之重輕，視黃變期長短而定。僅發生於菸葉烤製之黃變期。	本病發生於菸葉採收後之乾燥期，採收時遇雨天，則發病更劇，被害組織初呈水浸狀，繼而擴大蔓延至全葉，葉表佈滿鼠毛狀菌絲。採收未成熟菸葉，或烤菸室中容納過多菸葉，玫使黃變期拖得太長者更容易發病。受害嚴重者往往連葉柄均腐敗而自烤菸架上脫落。
		胡瓜嵌紋病		Cucumber mosaic virus (CMV)		葉部呈現淡黃色斑紋，葉形變異，有時變為扇形或絲狀，生育受阻，葉緣成波浪狀或向內捲，有時菸株頂端趨縮，葉脈壞疽，老葉沿葉脈有電光狀或輪點狀壞疽斑。
		脈綠嵌紋病		Tobacco Vein-banding Mosaic virus (TVBMV)		幼葉初呈葉脈透化，繼而沿支脈兩側發生狹長之綠帶嵌紋，透光撿視尤為明顯。如遇低溫，病葉上會引起壞疽斑點，最初為暗褐色，最後轉成白色多角型或短條狀斑。
		捲葉病		Tobacco leaf curl virus (TLCV)	高溫乾燥適於粉蝨之活動，菸草生長初期較易感病，菸草生長後期則不易罹病。增施氮肥，減少磷肥會促進病害發生。	菸株幼期感病後葉片捲曲、皺縮、增厚、下表皮延葉脈發生臃腫、節間縮短、全株矮化、生長後期感病則新生葉片捲曲、皺縮而下部葉片不受影響。
		莢腐病	Pod rot	Phomopsis sojae	初次感染源來自被害植株殘枝或罹病種子。病原菌經由傷口侵入植株之基部，再經由維管束系統性擴展至整個植株。	大豆生育中、後期，在溫暖、潮濕氣候下，首先出現淡褐色病徵於較下方葉子之葉柄。植株成熟時，莖基部、分枝及莢等部位，出現無數的黑色柄子殼。一般柄子殼呈現線狀排列而且最常見於節之部位。莢被害後，其內之豆粒呈現龜裂、皺縮且常被覆一層白色菌絲，以致無法發芽。
		葉燒病		Xanthomonas campestris pv. glycines	罹病種子或前期作物之殘留物是初次感染之來源。本病原菌主要經由氣孔或傷口進入植物體。每當葉面潮濕時，再加上風吹雨打，最容易傳播本病害。高溫多濕之夏季發生最多。	當葉部受害後，初期形成淡綠色之小斑點，其後在背面中央形成淡色之膿胞狀突起，逐次演變成褐色之不規則狀斑點，最後鼓起之表皮會破裂。嚴重危害常導致葉片乾枯及提前落葉。
		穗腐病	Grain mold	Curvularia lunata (Wakker) Boedijn (彎刀菌)	病原菌殘存在植物殘渣、土壤及種子上，藉空氣傳播。病穗上所產生之分生孢子為本病之第二次感染源。	感病後高粱穀粒在收穫過程中易粉碎，引起產量及品質損失，並可能產生毒性物質。對採種用之高粱種子可使其活力降低，嚴重影響種子發芽。
		環斑病	Sorghum zonate leaf spot	Gloecercospora sorghi Bain & Edgerton	殘存在植物殘渣或土壤中之菌核是本病的第一次感染源，本病亦可以菌絲或菌核形態由種子傳播。菌核發芽後或病斑上所產生之分生胞子堆則藉雨水傳播。	危害葉片，葉片及葉鞘初形成小型紅褐色水浸狀之斑點，稍後沿葉脈平行方向擴大而呈同心環狀，其顏色亦轉為深紅或黃褐色。病斑上會產生紅色或紫色之分生胞子堆以及黑色菌核。
		果莢黑斑病	Pod rot	Pythium myrotylum Drechsler	為土壤傳播性病害。果莢黑斑病之病原甚複雜，為一複合感染所造成之病害的統稱，使果莢外觀不良，甚難防治。在連做或每年都種花生之黏壤土至砂壤土均會發生，但在初次種花生之新地則很少發生，河床新沖積土壤或砂地發生也較輕。	
		黃化扇斑病毒病	Peanut chlorotic fan-spot virus		PCFV可由小黃薊馬以永續型方式傳播。小黃薊馬與落花生之專一性相當高。在實驗室環境下，不易在其他寄主上成活。故PCFV可能因此被限制在落花生上危害，對其他作物之威脅就相對減少。PCFV目前僅在彰化一帶零星出現，且發生季節集中於秋未過後，此期間本非台灣落花生主要栽培季節，故PCFV對台灣落花生之生產目前尚不具威脅性。PCFV是否可經種子帶毒性則威脅性將進一步減輕。	PCFV乃1993年於台灣中部地區彰化秀水一帶落花生田首次被發現。病毒在落花生葉片上會形成扇形同心輪狀黃化斑點，斑點經常沿葉片主脈發生。發病嚴重植株後期會有頂梢壞疽導致植株死亡現象。
		條斑病毒病	Peanut Stripe Virus		PStV具有顯著高於一般豆類病毒的種子傳毒率，因此田間初次傳染源來自於帶毒種子應是確定之事實。感染病毒之幼苗再經由蚜蟲之媒介可以將病毒四處傳播，不僅危害落花生同時也威脅其他作物之生長。PStV已經被證實在台灣綠豆、紅豆及大豆田中發生，因此病毒可在此類作物間相互傳染，互為因果，極具生態上之意義。能夠傳染PStV之蚜蟲種類與PMoV相同，至少有桃蚜與黑豆蚜二種。此二者均為台灣極為普遍之蚜蟲種類。每年秋冬10~12月為台灣乾旱季節，溫度適中，乃蚜蟲繁殖高峰期，有翅型蚜蟲密度常居高不下，造成各種由蚜蟲媒介之病毒包括PStV等落花生病毒在這段期間內特別容易發生。	PStV在落花生上所引起之病徵主要為沿葉脈上出現深綠色條斑(stripe)或斑塊(blotch)，感病葉片有凹凸不平現象，嚴重者扭曲變型，植株矮化，生長不良。嚴重型分離株(PStV-Ts)，除上述之病徵外，葉片下表面主脈上還會出現壞疽(nec-rosis)情形。隨病勢之進展壞疽還會延伸至葉柄與莖部，感病植株極度矮化生長不良，產量損失可達67%以上。除落花生外，PStV也曾經被發現可以危害大豆、綠豆及紅豆。
		葉枯病	leaf blight	Thanatephorus cucumeris (Frank) Donk	病斑或菌絲附近之表面產生暗褐色菌核，該菌核可在土壤中或作物殘枝上渡過不良環境而成為下期作之感染源。	以五至九月間高溫多濕之季節發生較多且嚴重危害。初期病徵為壞疽型之小斑點，周圍黑褐色。在潮濕氣候下，斑點擴展相當迅速。早晨可見有白色棉絮狀之菌絲生長，因此造成葉片與葉片貼黏在一起初期在葉片上形成白色到灰白色細小菌核，後期則轉變成許多褐色菌絲。